alg,n,strat,rule,norm,nodes,secs
grover,8,low,abs0,1.00000,226,2.846183
grover,8,low,abs14,1.00000,10,2.213181
grover,8,low,hyb14,1.00000,10,2.206850
grover,8,low,hyb0,1.00000,10,2.208920
grover,8,max,abs0,1.00000,205,2.774693
grover,8,max,abs14,1.00000,10,2.150161
grover,8,max,hyb14,1.00000,10,2.179457
grover,8,max,hyb0,1.00000,10,2.174917
grover,8,min,abs0,1.00000,198,2.798161
grover,8,min,abs14,1.00000,10,2.125947
grover,8,min,hyb14,1.00000,10,2.149004
grover,8,min,hyb0,1.00000,10,2.178606
grover,8,l2,abs0,1.00000,257,2.736207
grover,8,l2,abs14,1.00000,130,2.328945
grover,8,l2,hyb14,1.00000,67,2.227127
grover,8,l2,hyb0,1.00000,210,2.622126
grover,10,low,abs0,1.00000,846,9.215164
grover,10,low,abs14,0.50831,29,5.746919
grover,10,low,hyb14,0.51841,21,5.886414
grover,10,low,hyb0,1.00000,703,6.124677
grover,10,max,abs0,1.00000,808,9.306671
grover,10,max,abs14,1.00000,12,6.186104
grover,10,max,hyb14,1.00000,12,6.112400
grover,10,max,hyb0,1.00000,12,5.934981
grover,10,min,abs0,1.00000,831,10.636896
grover,10,min,abs14,0.00000,21,6.032524
grover,10,min,hyb14,0.00000,29,5.954617
grover,10,min,hyb0,1.00000,1025,9.944819
grover,10,l2,abs0,1.00000,1025,8.826563
grover,10,l2,abs14,1.00000,344,6.765348
grover,10,l2,hyb14,1.00000,196,6.369756
grover,10,l2,hyb0,1.00000,892,8.584493
grover,11,low,abs0,1.00000,1732,17.622957
grover,11,low,abs14,0.56282,12,9.105156
grover,11,low,hyb14,0.51963,23,9.371100
grover,11,low,hyb0,1.00000,2047,10.920949
grover,11,max,abs0,1.00000,1609,19.384144
grover,11,max,abs14,1.00000,13,9.539155
grover,11,max,hyb14,1.00000,13,10.254478
grover,11,max,hyb0,1.00000,13,9.328064
grover,11,min,abs0,1.00000,1525,17.698265
grover,11,min,abs14,0.00000,32,9.011691
grover,11,min,hyb14,0.00000,32,10.017959
grover,11,min,hyb0,1.00000,2049,24.245443
grover,11,l2,abs0,1.00000,2049,15.600703
grover,11,l2,abs14,1.00000,972,12.945553
grover,11,l2,hyb14,1.00000,1256,13.273396
grover,11,l2,hyb0,1.00000,2049,15.643732
grover,12,low,abs0,1.00000,3360,38.595209
grover,12,low,abs14,250152106916904763392.00000,754,21.768284
grover,12,low,hyb14,0.03191,25,20.168898
grover,12,low,hyb0,1.00000,4097,31.136923
grover,12,max,abs0,1.00000,2800,38.148579
grover,12,max,abs14,1.00000,14,15.477977
grover,12,max,hyb14,1.00000,14,16.835599
grover,12,max,hyb0,1.00000,164,16.762356
grover,12,min,abs0,1.00000,3257,47.484405
grover,12,min,abs14,0.00000,44,20.751378
grover,12,min,hyb14,0.00000,44,21.720149
grover,12,min,hyb0,1.00000,4097,52.603003
grover,12,l2,abs0,1.00000,4097,35.343246
grover,12,l2,abs14,1.00000,1431,23.350027
grover,12,l2,hyb14,1.00000,846,24.175012
grover,12,l2,hyb0,1.00000,4097,32.037140
