circuit,qubits,gates,strat,rule,secs,max_nodes,final_nodes,norm
ae_indep_qiskit_10,10,91,max,abs,0.520224,1024,1024,1.000000
ae_indep_qiskit_10,10,91,max,hyb0,0.629653,1024,1024,1.000000
ae_indep_qiskit_10,10,91,max,hyb16,0.598104,1024,1024,1.000000
ae_indep_qiskit_10,10,91,l2,abs,0.507781,1024,1024,1.000000
ae_indep_qiskit_10,10,91,l2,hyb0,0.528319,1024,1024,1.000000
ae_indep_qiskit_10,10,91,l2,hyb16,0.526218,1024,1024,1.000000
ae_indep_qiskit_2,2,7,max,abs,0.044158,4,4,1.000000
ae_indep_qiskit_2,2,7,max,hyb0,0.043145,4,4,1.000000
ae_indep_qiskit_2,2,7,max,hyb16,0.042849,4,4,1.000000
ae_indep_qiskit_2,2,7,l2,abs,0.044659,4,4,1.000000
ae_indep_qiskit_2,2,7,l2,hyb0,0.043467,4,4,1.000000
ae_indep_qiskit_2,2,7,l2,hyb16,0.044502,4,4,1.000000
ae_indep_qiskit_3,3,14,max,abs,0.075012,8,8,1.000000
ae_indep_qiskit_3,3,14,max,hyb0,0.079743,8,8,1.000000
ae_indep_qiskit_3,3,14,max,hyb16,0.074129,8,8,1.000000
ae_indep_qiskit_3,3,14,l2,abs,0.080553,8,8,1.000000
ae_indep_qiskit_3,3,14,l2,hyb0,0.078962,8,8,1.000000
ae_indep_qiskit_3,3,14,l2,hyb16,0.074968,8,8,1.000000
ae_indep_qiskit_4,4,22,max,abs,0.110538,16,16,1.000000
ae_indep_qiskit_4,4,22,max,hyb0,0.111561,16,16,1.000000
ae_indep_qiskit_4,4,22,max,hyb16,0.111224,16,16,1.000000
ae_indep_qiskit_4,4,22,l2,abs,0.118731,16,16,1.000000
ae_indep_qiskit_4,4,22,l2,hyb0,0.113642,16,16,1.000000
ae_indep_qiskit_4,4,22,l2,hyb16,0.109562,16,16,1.000000
ae_indep_qiskit_5,5,31,max,abs,0.152822,32,32,1.000000
ae_indep_qiskit_5,5,31,max,hyb0,0.154255,32,32,1.000000
ae_indep_qiskit_5,5,31,max,hyb16,0.161822,32,32,1.000000
ae_indep_qiskit_5,5,31,l2,abs,0.155640,32,32,1.000000
ae_indep_qiskit_5,5,31,l2,hyb0,0.155977,32,32,1.000000
ae_indep_qiskit_5,5,31,l2,hyb16,0.159457,32,32,1.000000
ae_indep_qiskit_6,6,41,max,abs,0.197865,64,64,1.000000
ae_indep_qiskit_6,6,41,max,hyb0,0.202608,64,64,1.000000
ae_indep_qiskit_6,6,41,max,hyb16,0.205519,64,64,1.000000
ae_indep_qiskit_6,6,41,l2,abs,0.207790,64,64,1.000000
ae_indep_qiskit_6,6,41,l2,hyb0,0.208425,64,64,1.000000
ae_indep_qiskit_6,6,41,l2,hyb16,0.213371,64,64,1.000000
ae_indep_qiskit_7,7,52,max,abs,0.260107,128,128,1.000000
ae_indep_qiskit_7,7,52,max,hyb0,0.276942,128,128,1.000000
ae_indep_qiskit_7,7,52,max,hyb16,0.262615,128,128,1.000000
ae_indep_qiskit_7,7,52,l2,abs,0.261605,128,128,1.000000
ae_indep_qiskit_7,7,52,l2,hyb0,0.257390,128,128,1.000000
ae_indep_qiskit_7,7,52,l2,hyb16,0.263259,128,128,1.000000
ae_indep_qiskit_8,8,64,max,abs,0.327615,256,256,1.000000
ae_indep_qiskit_8,8,64,max,hyb0,0.320867,256,256,1.000000
ae_indep_qiskit_8,8,64,max,hyb16,0.326188,256,256,1.000000
ae_indep_qiskit_8,8,64,l2,abs,0.316941,256,256,1.000000
ae_indep_qiskit_8,8,64,l2,hyb0,0.319424,256,256,1.000000
ae_indep_qiskit_8,8,64,l2,hyb16,0.327836,256,256,1.000000
ae_indep_qiskit_9,9,77,max,abs,0.399435,512,512,1.000000
ae_indep_qiskit_9,9,77,max,hyb0,0.416173,512,512,1.000000
ae_indep_qiskit_9,9,77,max,hyb16,0.406608,512,512,1.000000
ae_indep_qiskit_9,9,77,l2,abs,0.420515,512,512,1.000000
ae_indep_qiskit_9,9,77,l2,hyb0,0.419949,512,512,1.000000
ae_indep_qiskit_9,9,77,l2,hyb16,0.436365,512,512,1.000000
dj_indep_qiskit_10,10,28,max,abs,0.143768,11,11,1.000000
dj_indep_qiskit_10,10,28,max,hyb0,0.139966,19,19,1.000000
dj_indep_qiskit_10,10,28,max,hyb16,0.134011,12,11,1.000000
dj_indep_qiskit_10,10,28,l2,abs,0.135578,11,11,1.000000
dj_indep_qiskit_10,10,28,l2,hyb0,0.142985,12,11,1.000000
dj_indep_qiskit_10,10,28,l2,hyb16,0.135767,12,11,1.000000
dj_indep_qiskit_2,2,4,max,abs,0.029458,3,3,1.000000
dj_indep_qiskit_2,2,4,max,hyb0,0.029106,4,3,1.000000
dj_indep_qiskit_2,2,4,max,hyb16,0.030186,4,3,1.000000
dj_indep_qiskit_2,2,4,l2,abs,0.029001,3,3,1.000000
dj_indep_qiskit_2,2,4,l2,hyb0,0.029898,4,3,1.000000
dj_indep_qiskit_2,2,4,l2,hyb16,0.028887,4,3,1.000000
dj_indep_qiskit_3,3,7,max,abs,0.041684,4,4,1.000000
dj_indep_qiskit_3,3,7,max,hyb0,0.043274,5,5,1.000000
dj_indep_qiskit_3,3,7,max,hyb16,0.043603,5,4,1.000000
dj_indep_qiskit_3,3,7,l2,abs,0.043345,4,4,1.000000
dj_indep_qiskit_3,3,7,l2,hyb0,0.044219,5,4,1.000000
dj_indep_qiskit_3,3,7,l2,hyb16,0.043668,5,4,1.000000
dj_indep_qiskit_4,4,10,max,abs,0.055761,5,5,1.000000
dj_indep_qiskit_4,4,10,max,hyb0,0.057202,7,7,1.000000
dj_indep_qiskit_4,4,10,max,hyb16,0.104134,6,5,1.000000
dj_indep_qiskit_4,4,10,l2,abs,0.058480,5,5,1.000000
dj_indep_qiskit_4,4,10,l2,hyb0,0.059879,6,5,1.000000
dj_indep_qiskit_4,4,10,l2,hyb16,0.056632,6,5,1.000000
dj_indep_qiskit_5,5,13,max,abs,0.074144,6,6,1.000000
dj_indep_qiskit_5,5,13,max,hyb0,0.078827,9,9,1.000000
dj_indep_qiskit_5,5,13,max,hyb16,0.079423,7,6,1.000000
dj_indep_qiskit_5,5,13,l2,abs,0.094721,6,6,1.000000
dj_indep_qiskit_5,5,13,l2,hyb0,0.081018,7,6,1.000000
dj_indep_qiskit_5,5,13,l2,hyb16,0.080299,7,6,1.000000
dj_indep_qiskit_6,6,16,max,abs,0.090984,7,7,1.000000
dj_indep_qiskit_6,6,16,max,hyb0,0.084738,11,11,1.000000
dj_indep_qiskit_6,6,16,max,hyb16,0.082516,8,7,1.000000
dj_indep_qiskit_6,6,16,l2,abs,0.081866,7,7,1.000000
dj_indep_qiskit_6,6,16,l2,hyb0,0.081587,8,7,1.000000
dj_indep_qiskit_6,6,16,l2,hyb16,0.092841,8,7,1.000000
dj_indep_qiskit_7,7,19,max,abs,0.102917,8,8,1.000000
dj_indep_qiskit_7,7,19,max,hyb0,0.098657,13,13,1.000000
dj_indep_qiskit_7,7,19,max,hyb16,0.094995,9,8,1.000000
dj_indep_qiskit_7,7,19,l2,abs,0.098687,8,8,1.000000
dj_indep_qiskit_7,7,19,l2,hyb0,0.102195,9,8,1.000000
dj_indep_qiskit_7,7,19,l2,hyb16,0.098771,9,8,1.000000
dj_indep_qiskit_8,8,22,max,abs,0.112646,9,9,1.000000
dj_indep_qiskit_8,8,22,max,hyb0,0.113767,15,15,1.000000
dj_indep_qiskit_8,8,22,max,hyb16,0.117365,10,9,1.000000
dj_indep_qiskit_8,8,22,l2,abs,0.112252,9,9,1.000000
dj_indep_qiskit_8,8,22,l2,hyb0,0.113400,10,9,1.000000
dj_indep_qiskit_8,8,22,l2,hyb16,0.112790,10,9,1.000000
dj_indep_qiskit_9,9,25,max,abs,0.131949,10,10,1.000000
dj_indep_qiskit_9,9,25,max,hyb0,0.126811,17,17,1.000000
dj_indep_qiskit_9,9,25,max,hyb16,0.128411,11,10,1.000000
dj_indep_qiskit_9,9,25,l2,abs,0.119666,10,10,1.000000
dj_indep_qiskit_9,9,25,l2,hyb0,0.120687,11,10,1.000000
dj_indep_qiskit_9,9,25,l2,hyb16,0.120265,11,10,1.000000
ghz_indep_qiskit_10,10,10,max,abs,0.058755,20,20,1.000000
ghz_indep_qiskit_10,10,10,max,hyb0,0.060327,20,20,1.000000
ghz_indep_qiskit_10,10,10,max,hyb16,0.058707,20,20,1.000000
ghz_indep_qiskit_10,10,10,l2,abs,0.060406,20,20,1.000000
ghz_indep_qiskit_10,10,10,l2,hyb0,0.059773,20,20,1.000000
ghz_indep_qiskit_10,10,10,l2,hyb16,0.061130,20,20,1.000000
ghz_indep_qiskit_2,2,2,max,abs,0.019447,4,4,1.000000
ghz_indep_qiskit_2,2,2,max,hyb0,0.019480,4,4,1.000000
ghz_indep_qiskit_2,2,2,max,hyb16,0.019393,4,4,1.000000
ghz_indep_qiskit_2,2,2,l2,abs,0.020295,4,4,1.000000
ghz_indep_qiskit_2,2,2,l2,hyb0,0.020125,4,4,1.000000
ghz_indep_qiskit_2,2,2,l2,hyb16,0.019746,4,4,1.000000
ghz_indep_qiskit_3,3,3,max,abs,0.027964,6,6,1.000000
ghz_indep_qiskit_3,3,3,max,hyb0,0.026933,6,6,1.000000
ghz_indep_qiskit_3,3,3,max,hyb16,0.027247,6,6,1.000000
ghz_indep_qiskit_3,3,3,l2,abs,0.027116,6,6,1.000000
ghz_indep_qiskit_3,3,3,l2,hyb0,0.029159,6,6,1.000000
ghz_indep_qiskit_3,3,3,l2,hyb16,0.026568,6,6,1.000000
ghz_indep_qiskit_4,4,4,max,abs,0.039231,8,8,1.000000
ghz_indep_qiskit_4,4,4,max,hyb0,0.032394,8,8,1.000000
ghz_indep_qiskit_4,4,4,max,hyb16,0.032696,8,8,1.000000
ghz_indep_qiskit_4,4,4,l2,abs,0.031214,8,8,1.000000
ghz_indep_qiskit_4,4,4,l2,hyb0,0.031639,8,8,1.000000
ghz_indep_qiskit_4,4,4,l2,hyb16,0.034772,8,8,1.000000
ghz_indep_qiskit_5,5,5,max,abs,0.040615,10,10,1.000000
ghz_indep_qiskit_5,5,5,max,hyb0,0.036390,10,10,1.000000
ghz_indep_qiskit_5,5,5,max,hyb16,0.039476,10,10,1.000000
ghz_indep_qiskit_5,5,5,l2,abs,0.036066,10,10,1.000000
ghz_indep_qiskit_5,5,5,l2,hyb0,0.042131,10,10,1.000000
ghz_indep_qiskit_5,5,5,l2,hyb16,0.035866,10,10,1.000000
ghz_indep_qiskit_6,6,6,max,abs,0.039331,12,12,1.000000
ghz_indep_qiskit_6,6,6,max,hyb0,0.039624,12,12,1.000000
ghz_indep_qiskit_6,6,6,max,hyb16,0.039627,12,12,1.000000
ghz_indep_qiskit_6,6,6,l2,abs,0.039681,12,12,1.000000
ghz_indep_qiskit_6,6,6,l2,hyb0,0.040726,12,12,1.000000
ghz_indep_qiskit_6,6,6,l2,hyb16,0.041897,12,12,1.000000
ghz_indep_qiskit_7,7,7,max,abs,0.045351,14,14,1.000000
ghz_indep_qiskit_7,7,7,max,hyb0,0.044265,14,14,1.000000
ghz_indep_qiskit_7,7,7,max,hyb16,0.044648,14,14,1.000000
ghz_indep_qiskit_7,7,7,l2,abs,0.046127,14,14,1.000000
ghz_indep_qiskit_7,7,7,l2,hyb0,0.045440,14,14,1.000000
ghz_indep_qiskit_7,7,7,l2,hyb16,0.047065,14,14,1.000000
ghz_indep_qiskit_8,8,8,max,abs,0.049311,16,16,1.000000
ghz_indep_qiskit_8,8,8,max,hyb0,0.050187,16,16,1.000000
ghz_indep_qiskit_8,8,8,max,hyb16,0.051208,16,16,1.000000
ghz_indep_qiskit_8,8,8,l2,abs,0.053875,16,16,1.000000
ghz_indep_qiskit_8,8,8,l2,hyb0,0.049624,16,16,1.000000
ghz_indep_qiskit_8,8,8,l2,hyb16,0.052172,16,16,1.000000
ghz_indep_qiskit_9,9,9,max,abs,0.052785,18,18,1.000000
ghz_indep_qiskit_9,9,9,max,hyb0,0.053335,18,18,1.000000
ghz_indep_qiskit_9,9,9,max,hyb16,0.052832,18,18,1.000000
ghz_indep_qiskit_9,9,9,l2,abs,0.054565,18,18,1.000000
ghz_indep_qiskit_9,9,9,l2,hyb0,0.053632,18,18,1.000000
ghz_indep_qiskit_9,9,9,l2,hyb16,0.055374,18,18,1.000000
graphstate_indep_qiskit_10,10,20,max,abs,0.101775,25,25,1.000000
graphstate_indep_qiskit_10,10,20,max,hyb0,0.102527,25,25,1.000000
graphstate_indep_qiskit_10,10,20,max,hyb16,0.100516,25,25,1.000000
graphstate_indep_qiskit_10,10,20,l2,abs,0.101099,25,25,1.000000
graphstate_indep_qiskit_10,10,20,l2,hyb0,0.102901,25,25,1.000000
graphstate_indep_qiskit_10,10,20,l2,hyb16,0.105359,25,25,1.000000
graphstate_indep_qiskit_3,3,6,max,abs,0.040411,5,5,1.000000
graphstate_indep_qiskit_3,3,6,max,hyb0,0.038696,5,5,1.000000
graphstate_indep_qiskit_3,3,6,max,hyb16,0.038132,5,5,1.000000
graphstate_indep_qiskit_3,3,6,l2,abs,0.039783,5,5,1.000000
graphstate_indep_qiskit_3,3,6,l2,hyb0,0.040952,5,5,1.000000
graphstate_indep_qiskit_3,3,6,l2,hyb16,0.040547,5,5,1.000000
graphstate_indep_qiskit_4,4,8,max,abs,0.049160,9,9,1.000000
graphstate_indep_qiskit_4,4,8,max,hyb0,0.050562,9,9,1.000000
graphstate_indep_qiskit_4,4,8,max,hyb16,0.052926,9,9,1.000000
graphstate_indep_qiskit_4,4,8,l2,abs,0.049395,9,9,1.000000
graphstate_indep_qiskit_4,4,8,l2,hyb0,0.049559,9,9,1.000000
graphstate_indep_qiskit_4,4,8,l2,hyb16,0.050979,9,9,1.000000
graphstate_indep_qiskit_5,5,10,max,abs,0.058678,11,11,1.000000
graphstate_indep_qiskit_5,5,10,max,hyb0,0.058705,11,11,1.000000
graphstate_indep_qiskit_5,5,10,max,hyb16,0.058251,11,11,1.000000
graphstate_indep_qiskit_5,5,10,l2,abs,0.055595,11,11,1.000000
graphstate_indep_qiskit_5,5,10,l2,hyb0,0.057960,11,11,1.000000
graphstate_indep_qiskit_5,5,10,l2,hyb16,0.057363,11,11,1.000000
graphstate_indep_qiskit_6,6,12,max,abs,0.067374,17,17,1.000000
graphstate_indep_qiskit_6,6,12,max,hyb0,0.069623,17,17,1.000000
graphstate_indep_qiskit_6,6,12,max,hyb16,0.068014,17,17,1.000000
graphstate_indep_qiskit_6,6,12,l2,abs,0.066013,17,17,1.000000
graphstate_indep_qiskit_6,6,12,l2,hyb0,0.065052,17,17,1.000000
graphstate_indep_qiskit_6,6,12,l2,hyb16,0.069115,17,17,1.000000
graphstate_indep_qiskit_7,7,14,max,abs,0.076746,13,13,1.000000
graphstate_indep_qiskit_7,7,14,max,hyb0,0.072480,13,13,1.000000
graphstate_indep_qiskit_7,7,14,max,hyb16,0.074725,13,13,1.000000
graphstate_indep_qiskit_7,7,14,l2,abs,0.077686,13,13,1.000000
graphstate_indep_qiskit_7,7,14,l2,hyb0,0.075146,13,13,1.000000
graphstate_indep_qiskit_7,7,14,l2,hyb16,0.074988,13,13,1.000000
graphstate_indep_qiskit_8,8,16,max,abs,0.082195,31,31,1.000000
graphstate_indep_qiskit_8,8,16,max,hyb0,0.082576,31,31,1.000000
graphstate_indep_qiskit_8,8,16,max,hyb16,0.083191,31,31,1.000000
graphstate_indep_qiskit_8,8,16,l2,abs,0.082905,31,31,1.000000
graphstate_indep_qiskit_8,8,16,l2,hyb0,0.083173,31,31,1.000000
graphstate_indep_qiskit_8,8,16,l2,hyb16,0.086863,31,31,1.000000
graphstate_indep_qiskit_9,9,18,max,abs,0.091883,19,19,1.000000
graphstate_indep_qiskit_9,9,18,max,hyb0,0.090626,19,19,1.000000
graphstate_indep_qiskit_9,9,18,max,hyb16,0.090358,19,19,1.000000
graphstate_indep_qiskit_9,9,18,l2,abs,0.091318,19,19,1.000000
graphstate_indep_qiskit_9,9,18,l2,hyb0,0.098683,19,19,1.000000
graphstate_indep_qiskit_9,9,18,l2,hyb16,0.095506,19,19,1.000000
groundstate_medium_indep_qiskit_12,12,168,max,abs,1.082712,4096,4096,1.000000
groundstate_medium_indep_qiskit_12,12,168,max,hyb0,1.079522,4096,4096,1.000000
groundstate_medium_indep_qiskit_12,12,168,max,hyb16,1.031910,4096,4096,1.000000
groundstate_medium_indep_qiskit_12,12,168,l2,abs,1.075240,4096,4096,1.000000
groundstate_medium_indep_qiskit_12,12,168,l2,hyb0,1.162077,4096,4096,1.000000
groundstate_medium_indep_qiskit_12,12,168,l2,hyb16,1.134369,4096,4096,1.000000
groundstate_small_indep_qiskit_4,4,24,max,abs,0.118925,16,16,1.000000
groundstate_small_indep_qiskit_4,4,24,max,hyb0,0.121222,16,16,1.000000
groundstate_small_indep_qiskit_4,4,24,max,hyb16,0.118683,16,16,1.000000
groundstate_small_indep_qiskit_4,4,24,l2,abs,0.120498,16,16,1.000000
groundstate_small_indep_qiskit_4,4,24,l2,hyb0,0.134055,16,16,1.000000
groundstate_small_indep_qiskit_4,4,24,l2,hyb16,0.124885,16,16,1.000000
grover-noancilla_indep_qiskit_10,NA,NA,max,abs,TIMEOUT,NA,NA,NA
grover-noancilla_indep_qiskit_10,NA,NA,max,hyb0,TIMEOUT,NA,NA,NA
grover-noancilla_indep_qiskit_10,NA,NA,max,hyb16,TIMEOUT,NA,NA,NA
grover-noancilla_indep_qiskit_10,NA,NA,l2,abs,TIMEOUT,NA,NA,NA
grover-noancilla_indep_qiskit_10,NA,NA,l2,hyb0,TIMEOUT,NA,NA,NA
grover-noancilla_indep_qiskit_10,NA,NA,l2,hyb16,TIMEOUT,NA,NA,NA
grover-noancilla_indep_qiskit_2,2,2,max,abs,0.017556,3,2,1.000000
grover-noancilla_indep_qiskit_2,2,2,max,hyb0,0.018428,3,2,1.000000
grover-noancilla_indep_qiskit_2,2,2,max,hyb16,0.018127,3,2,1.000000
grover-noancilla_indep_qiskit_2,2,2,l2,abs,0.020022,3,2,1.000000
grover-noancilla_indep_qiskit_2,2,2,l2,hyb0,0.019211,3,2,1.000000
grover-noancilla_indep_qiskit_2,2,2,l2,hyb16,0.018805,3,2,1.000000
grover-noancilla_indep_qiskit_3,3,13,max,abs,0.072339,5,4,1.000000
grover-noancilla_indep_qiskit_3,3,13,max,hyb0,0.068151,5,4,1.000000
grover-noancilla_indep_qiskit_3,3,13,max,hyb16,0.070174,5,4,1.000000
grover-noancilla_indep_qiskit_3,3,13,l2,abs,0.068466,5,4,1.000000
grover-noancilla_indep_qiskit_3,3,13,l2,hyb0,0.070638,5,4,1.000000
grover-noancilla_indep_qiskit_3,3,13,l2,hyb16,0.073589,5,4,1.000000
grover-noancilla_indep_qiskit_4,4,44,max,abs,0.206126,9,5,1.000000
grover-noancilla_indep_qiskit_4,4,44,max,hyb0,0.204456,9,5,1.000000
grover-noancilla_indep_qiskit_4,4,44,max,hyb16,0.208838,9,5,1.000000
grover-noancilla_indep_qiskit_4,4,44,l2,abs,0.216253,8,5,1.000000
grover-noancilla_indep_qiskit_4,4,44,l2,hyb0,0.211173,9,8,1.000000
grover-noancilla_indep_qiskit_4,4,44,l2,hyb16,0.216725,9,8,1.000000
grover-noancilla_indep_qiskit_5,5,191,max,abs,0.877715,13,6,1.000000
grover-noancilla_indep_qiskit_5,5,191,max,hyb0,0.880792,16,6,1.000000
grover-noancilla_indep_qiskit_5,5,191,max,hyb16,0.871323,14,6,1.000000
grover-noancilla_indep_qiskit_5,5,191,l2,abs,0.871706,13,6,1.000000
grover-noancilla_indep_qiskit_5,5,191,l2,hyb0,0.910375,17,12,1.000000
grover-noancilla_indep_qiskit_5,5,191,l2,hyb16,0.873065,17,12,1.000000
grover-noancilla_indep_qiskit_6,6,450,max,abs,2.008691,23,7,1.000000
grover-noancilla_indep_qiskit_6,6,450,max,hyb0,2.039495,27,8,1.000000
grover-noancilla_indep_qiskit_6,6,450,max,hyb16,2.052280,23,7,1.000000
grover-noancilla_indep_qiskit_6,6,450,l2,abs,2.039720,23,10,1.000000
grover-noancilla_indep_qiskit_6,6,450,l2,hyb0,2.072889,33,25,1.000000
grover-noancilla_indep_qiskit_6,6,450,l2,hyb16,2.069806,32,18,1.000000
grover-noancilla_indep_qiskit_7,7,1195,max,abs,5.400010,39,8,1.000000
grover-noancilla_indep_qiskit_7,7,1195,max,hyb0,5.457738,57,8,1.000000
grover-noancilla_indep_qiskit_7,7,1195,max,hyb16,5.561644,38,8,1.000000
grover-noancilla_indep_qiskit_7,7,1195,l2,abs,5.582227,65,65,1.000000
grover-noancilla_indep_qiskit_7,7,1195,l2,hyb0,5.748855,65,65,1.000000
grover-noancilla_indep_qiskit_7,7,1195,l2,hyb16,5.729028,65,65,1.000000
grover-noancilla_indep_qiskit_8,8,3144,max,abs,14.287599,56,9,1.000000
grover-noancilla_indep_qiskit_8,8,3144,max,hyb0,14.463599,99,31,1.000000
grover-noancilla_indep_qiskit_8,8,3144,max,hyb16,14.483354,62,9,1.000000
grover-noancilla_indep_qiskit_8,8,3144,l2,abs,14.985711,129,121,1.000000
grover-noancilla_indep_qiskit_8,8,3144,l2,hyb0,15.616464,129,122,1.000000
grover-noancilla_indep_qiskit_8,8,3144,l2,hyb16,15.597513,129,124,1.000000
grover-noancilla_indep_qiskit_9,9,9345,max,abs,42.868239,83,10,1.000000
grover-noancilla_indep_qiskit_9,9,9345,max,hyb0,43.589726,212,71,1.000000
grover-noancilla_indep_qiskit_9,9,9345,max,hyb16,43.050645,87,15,1.000000
grover-noancilla_indep_qiskit_9,9,9345,l2,abs,47.479665,257,257,1.000000
grover-noancilla_indep_qiskit_9,9,9345,l2,hyb0,50.012007,257,251,1.000000
grover-noancilla_indep_qiskit_9,9,9345,l2,hyb16,47.978836,257,257,1.000000
grover-v-chain_indep_qiskit_2,2,2,max,abs,0.019087,3,2,1.000000
grover-v-chain_indep_qiskit_2,2,2,max,hyb0,0.018990,3,2,1.000000
grover-v-chain_indep_qiskit_2,2,2,max,hyb16,0.021308,3,2,1.000000
grover-v-chain_indep_qiskit_2,2,2,l2,abs,0.021021,3,2,1.000000
grover-v-chain_indep_qiskit_2,2,2,l2,hyb0,0.019613,3,2,1.000000
grover-v-chain_indep_qiskit_2,2,2,l2,hyb16,0.018847,3,2,1.000000
grover-v-chain_indep_qiskit_3,3,13,max,abs,0.070715,5,4,1.000000
grover-v-chain_indep_qiskit_3,3,13,max,hyb0,0.074497,5,4,1.000000
grover-v-chain_indep_qiskit_3,3,13,max,hyb16,0.069339,5,4,1.000000
grover-v-chain_indep_qiskit_3,3,13,l2,abs,0.069446,5,4,1.000000
grover-v-chain_indep_qiskit_3,3,13,l2,hyb0,0.069425,5,4,1.000000
grover-v-chain_indep_qiskit_3,3,13,l2,hyb16,0.069180,5,4,1.000000
grover-v-chain_indep_qiskit_4,4,44,max,abs,0.217729,9,5,1.000000
grover-v-chain_indep_qiskit_4,4,44,max,hyb0,0.213767,9,5,1.000000
grover-v-chain_indep_qiskit_4,4,44,max,hyb16,0.208568,9,5,1.000000
grover-v-chain_indep_qiskit_4,4,44,l2,abs,0.216787,8,5,1.000000
grover-v-chain_indep_qiskit_4,4,44,l2,hyb0,0.228458,9,8,1.000000
grover-v-chain_indep_qiskit_4,4,44,l2,hyb16,0.217726,9,8,1.000000
grover-v-chain_indep_qiskit_5,5,143,max,abs,0.654135,15,6,1.000000
grover-v-chain_indep_qiskit_5,5,143,max,hyb0,0.650947,15,6,1.000000
grover-v-chain_indep_qiskit_5,5,143,max,hyb16,0.659551,15,6,1.000000
grover-v-chain_indep_qiskit_5,5,143,l2,abs,0.670282,17,7,1.000000
grover-v-chain_indep_qiskit_5,5,143,l2,hyb0,0.679159,18,15,1.000000
grover-v-chain_indep_qiskit_5,5,143,l2,hyb16,0.658861,16,7,1.000000
grover-v-chain_indep_qiskit_7,7,358,max,abs,1.616151,30,8,1.000000
grover-v-chain_indep_qiskit_7,7,358,max,hyb0,1.645728,30,8,1.000000
grover-v-chain_indep_qiskit_7,7,358,max,hyb16,1.628741,30,8,1.000000
grover-v-chain_indep_qiskit_7,7,358,l2,abs,1.655451,33,9,1.000000
grover-v-chain_indep_qiskit_7,7,358,l2,hyb0,1.687906,35,28,1.000000
grover-v-chain_indep_qiskit_7,7,358,l2,hyb16,1.653850,35,13,1.000000
grover-v-chain_indep_qiskit_9,9,979,max,abs,4.457582,48,10,1.000000
grover-v-chain_indep_qiskit_9,9,979,max,hyb0,4.503757,51,10,1.000000
grover-v-chain_indep_qiskit_9,9,979,max,hyb16,4.521022,51,11,1.000000
grover-v-chain_indep_qiskit_9,9,979,l2,abs,4.550663,56,18,1.000000
grover-v-chain_indep_qiskit_9,9,979,l2,hyb0,4.653960,67,59,1.000000
grover-v-chain_indep_qiskit_9,9,979,l2,hyb16,4.685556,73,61,1.000000
portfolioqaoa_indep_qiskit_10,10,445,max,abs,2.370465,1024,1024,1.000000
portfolioqaoa_indep_qiskit_10,10,445,max,hyb0,2.384699,1024,1024,1.000000
portfolioqaoa_indep_qiskit_10,10,445,max,hyb16,2.371604,1024,1024,1.000000
portfolioqaoa_indep_qiskit_10,10,445,l2,abs,2.461596,1024,1024,1.000000
portfolioqaoa_indep_qiskit_10,10,445,l2,hyb0,2.480179,1024,1024,1.000000
portfolioqaoa_indep_qiskit_10,10,445,l2,hyb16,2.482930,1024,1024,1.000000
portfolioqaoa_indep_qiskit_3,3,39,max,abs,0.185141,8,8,1.000000
portfolioqaoa_indep_qiskit_3,3,39,max,hyb0,0.186270,8,8,1.000000
portfolioqaoa_indep_qiskit_3,3,39,max,hyb16,0.187018,8,8,1.000000
portfolioqaoa_indep_qiskit_3,3,39,l2,abs,0.195354,8,8,1.000000
portfolioqaoa_indep_qiskit_3,3,39,l2,hyb0,0.185730,8,8,1.000000
portfolioqaoa_indep_qiskit_3,3,39,l2,hyb16,0.184102,8,8,1.000000
portfolioqaoa_indep_qiskit_4,4,70,max,abs,0.339081,16,16,1.000000
portfolioqaoa_indep_qiskit_4,4,70,max,hyb0,0.330484,16,16,1.000000
portfolioqaoa_indep_qiskit_4,4,70,max,hyb16,0.342647,16,16,1.000000
portfolioqaoa_indep_qiskit_4,4,70,l2,abs,0.327282,16,16,1.000000
portfolioqaoa_indep_qiskit_4,4,70,l2,hyb0,0.326835,16,16,1.000000
portfolioqaoa_indep_qiskit_4,4,70,l2,hyb16,0.345735,16,16,1.000000
portfolioqaoa_indep_qiskit_5,5,110,max,abs,0.510004,32,32,1.000000
portfolioqaoa_indep_qiskit_5,5,110,max,hyb0,0.520698,32,32,1.000000
portfolioqaoa_indep_qiskit_5,5,110,max,hyb16,0.503529,32,32,1.000000
portfolioqaoa_indep_qiskit_5,5,110,l2,abs,0.505850,32,32,1.000000
portfolioqaoa_indep_qiskit_5,5,110,l2,hyb0,0.517127,32,32,1.000000
portfolioqaoa_indep_qiskit_5,5,110,l2,hyb16,0.519750,32,32,1.000000
portfolioqaoa_indep_qiskit_6,6,159,max,abs,0.744413,64,64,1.000000
portfolioqaoa_indep_qiskit_6,6,159,max,hyb0,0.745426,64,64,1.000000
portfolioqaoa_indep_qiskit_6,6,159,max,hyb16,0.751168,64,64,1.000000
portfolioqaoa_indep_qiskit_6,6,159,l2,abs,0.745516,64,64,1.000000
portfolioqaoa_indep_qiskit_6,6,159,l2,hyb0,0.752952,64,64,1.000000
portfolioqaoa_indep_qiskit_6,6,159,l2,hyb16,0.756508,64,64,1.000000
portfolioqaoa_indep_qiskit_7,7,217,max,abs,1.036178,128,128,1.000000
portfolioqaoa_indep_qiskit_7,7,217,max,hyb0,1.077479,128,128,1.000000
portfolioqaoa_indep_qiskit_7,7,217,max,hyb16,1.046743,128,128,1.000000
portfolioqaoa_indep_qiskit_7,7,217,l2,abs,1.032413,128,128,1.000000
portfolioqaoa_indep_qiskit_7,7,217,l2,hyb0,1.039515,128,128,1.000000
portfolioqaoa_indep_qiskit_7,7,217,l2,hyb16,1.049272,128,128,1.000000
portfolioqaoa_indep_qiskit_8,8,284,max,abs,1.409921,256,256,1.000000
portfolioqaoa_indep_qiskit_8,8,284,max,hyb0,1.408566,256,256,1.000000
portfolioqaoa_indep_qiskit_8,8,284,max,hyb16,1.376827,256,256,1.000000
portfolioqaoa_indep_qiskit_8,8,284,l2,abs,1.428240,256,256,1.000000
portfolioqaoa_indep_qiskit_8,8,284,l2,hyb0,1.449341,256,256,1.000000
portfolioqaoa_indep_qiskit_8,8,284,l2,hyb16,1.411155,256,256,1.000000
portfolioqaoa_indep_qiskit_9,9,360,max,abs,1.837112,512,512,1.000000
portfolioqaoa_indep_qiskit_9,9,360,max,hyb0,1.832240,512,512,1.000000
portfolioqaoa_indep_qiskit_9,9,360,max,hyb16,1.816892,512,512,1.000000
portfolioqaoa_indep_qiskit_9,9,360,l2,abs,1.871173,512,512,1.000000
portfolioqaoa_indep_qiskit_9,9,360,l2,hyb0,1.885039,512,512,1.000000
portfolioqaoa_indep_qiskit_9,9,360,l2,hyb16,1.893495,512,512,1.000000
portfoliovqe_indep_qiskit_10,10,175,max,abs,0.945887,1024,1024,1.000000
portfoliovqe_indep_qiskit_10,10,175,max,hyb0,0.980808,1024,1024,1.000000
portfoliovqe_indep_qiskit_10,10,175,max,hyb16,0.976855,1024,1024,1.000000
portfoliovqe_indep_qiskit_10,10,175,l2,abs,0.975954,1024,1024,1.000000
portfoliovqe_indep_qiskit_10,10,175,l2,hyb0,1.033800,1024,1024,1.000000
portfoliovqe_indep_qiskit_10,10,175,l2,hyb16,1.017914,1024,1024,1.000000
portfoliovqe_indep_qiskit_3,3,21,max,abs,0.106585,8,8,1.000000
portfoliovqe_indep_qiskit_3,3,21,max,hyb0,0.103273,8,8,1.000000
portfoliovqe_indep_qiskit_3,3,21,max,hyb16,0.107288,8,8,1.000000
portfoliovqe_indep_qiskit_3,3,21,l2,abs,0.109720,8,8,1.000000
portfoliovqe_indep_qiskit_3,3,21,l2,hyb0,0.104059,8,8,1.000000
portfoliovqe_indep_qiskit_3,3,21,l2,hyb16,0.103248,8,8,1.000000
portfoliovqe_indep_qiskit_4,4,34,max,abs,0.161632,16,16,1.000000
portfoliovqe_indep_qiskit_4,4,34,max,hyb0,0.167700,16,16,1.000000
portfoliovqe_indep_qiskit_4,4,34,max,hyb16,0.172623,16,16,1.000000
portfoliovqe_indep_qiskit_4,4,34,l2,abs,0.166883,16,16,1.000000
portfoliovqe_indep_qiskit_4,4,34,l2,hyb0,0.169930,16,16,1.000000
portfoliovqe_indep_qiskit_4,4,34,l2,hyb16,0.164411,16,16,1.000000
portfoliovqe_indep_qiskit_5,5,50,max,abs,0.240063,32,32,1.000000
portfoliovqe_indep_qiskit_5,5,50,max,hyb0,0.244204,32,32,1.000000
portfoliovqe_indep_qiskit_5,5,50,max,hyb16,0.235230,32,32,1.000000
portfoliovqe_indep_qiskit_5,5,50,l2,abs,0.236632,32,32,1.000000
portfoliovqe_indep_qiskit_5,5,50,l2,hyb0,0.251300,32,32,1.000000
portfoliovqe_indep_qiskit_5,5,50,l2,hyb16,0.239058,32,32,1.000000
portfoliovqe_indep_qiskit_6,6,69,max,abs,0.324562,64,64,1.000000
portfoliovqe_indep_qiskit_6,6,69,max,hyb0,0.337598,64,64,1.000000
portfoliovqe_indep_qiskit_6,6,69,max,hyb16,0.326860,64,64,1.000000
portfoliovqe_indep_qiskit_6,6,69,l2,abs,0.333251,64,64,1.000000
portfoliovqe_indep_qiskit_6,6,69,l2,hyb0,0.338300,64,64,1.000000
portfoliovqe_indep_qiskit_6,6,69,l2,hyb16,0.325813,64,64,1.000000
portfoliovqe_indep_qiskit_7,7,91,max,abs,0.444241,128,128,1.000000
portfoliovqe_indep_qiskit_7,7,91,max,hyb0,0.445417,128,128,1.000000
portfoliovqe_indep_qiskit_7,7,91,max,hyb16,0.461846,128,128,1.000000
portfoliovqe_indep_qiskit_7,7,91,l2,abs,0.445480,128,128,1.000000
portfoliovqe_indep_qiskit_7,7,91,l2,hyb0,0.460474,128,128,1.000000
portfoliovqe_indep_qiskit_7,7,91,l2,hyb16,0.462470,128,128,1.000000
portfoliovqe_indep_qiskit_8,8,116,max,abs,0.603727,256,256,1.000000
portfoliovqe_indep_qiskit_8,8,116,max,hyb0,0.586421,256,256,1.000000
portfoliovqe_indep_qiskit_8,8,116,max,hyb16,0.576060,256,256,1.000000
portfoliovqe_indep_qiskit_8,8,116,l2,abs,0.582252,256,256,1.000000
portfoliovqe_indep_qiskit_8,8,116,l2,hyb0,0.597190,256,256,1.000000
portfoliovqe_indep_qiskit_8,8,116,l2,hyb16,0.608805,256,256,1.000000
portfoliovqe_indep_qiskit_9,9,144,max,abs,0.739587,512,512,1.000000
portfoliovqe_indep_qiskit_9,9,144,max,hyb0,0.756146,512,512,1.000000
portfoliovqe_indep_qiskit_9,9,144,max,hyb16,0.751026,512,512,1.000000
portfoliovqe_indep_qiskit_9,9,144,l2,abs,0.750097,512,512,1.000000
portfoliovqe_indep_qiskit_9,9,144,l2,hyb0,0.782717,512,512,1.000000
portfoliovqe_indep_qiskit_9,9,144,l2,hyb16,0.772626,512,512,1.000000
pricingcall_indep_qiskit_11,11,155,max,abs,0.744349,73,56,1.000000
pricingcall_indep_qiskit_11,11,155,max,hyb0,0.754389,73,56,1.000000
pricingcall_indep_qiskit_11,11,155,max,hyb16,0.760110,73,56,1.000000
pricingcall_indep_qiskit_11,11,155,l2,abs,0.737817,73,56,1.000000
pricingcall_indep_qiskit_11,11,155,l2,hyb0,0.751516,98,56,1.000000
pricingcall_indep_qiskit_11,11,155,l2,hyb16,0.752335,73,56,1.000000
pricingcall_indep_qiskit_5,5,42,max,abs,0.195986,10,9,1.000000
pricingcall_indep_qiskit_5,5,42,max,hyb0,0.208872,10,9,1.000000
pricingcall_indep_qiskit_5,5,42,max,hyb16,0.200078,10,9,1.000000
pricingcall_indep_qiskit_5,5,42,l2,abs,0.205765,10,9,1.000000
pricingcall_indep_qiskit_5,5,42,l2,hyb0,0.203270,14,9,1.000000
pricingcall_indep_qiskit_5,5,42,l2,hyb16,0.203064,10,9,1.000000
pricingcall_indep_qiskit_7,7,71,max,abs,0.332572,25,17,1.000000
pricingcall_indep_qiskit_7,7,71,max,hyb0,0.325807,25,17,1.000000
pricingcall_indep_qiskit_7,7,71,max,hyb16,0.337576,25,17,1.000000
pricingcall_indep_qiskit_7,7,71,l2,abs,0.330847,25,17,1.000000
pricingcall_indep_qiskit_7,7,71,l2,hyb0,0.334672,30,17,1.000000
pricingcall_indep_qiskit_7,7,71,l2,hyb16,0.340659,25,17,1.000000
pricingcall_indep_qiskit_9,9,102,max,abs,0.475316,44,30,1.000000
pricingcall_indep_qiskit_9,9,102,max,hyb0,0.484603,44,30,1.000000
pricingcall_indep_qiskit_9,9,102,max,hyb16,0.493090,44,30,1.000000
pricingcall_indep_qiskit_9,9,102,l2,abs,0.503037,44,30,1.000000
pricingcall_indep_qiskit_9,9,102,l2,hyb0,0.507676,58,30,1.000000
pricingcall_indep_qiskit_9,9,102,l2,hyb16,0.497452,44,30,1.000000
pricingput_indep_qiskit_11,11,161,max,abs,0.764266,84,56,1.000000
pricingput_indep_qiskit_11,11,161,max,hyb0,0.763095,84,56,1.000000
pricingput_indep_qiskit_11,11,161,max,hyb16,0.769778,84,56,1.000000
pricingput_indep_qiskit_11,11,161,l2,abs,0.780171,84,56,1.000000
pricingput_indep_qiskit_11,11,161,l2,hyb0,0.781726,84,57,1.000000
pricingput_indep_qiskit_11,11,161,l2,hyb16,0.779275,84,56,1.000000
pricingput_indep_qiskit_5,5,42,max,abs,0.205061,11,9,1.000000
pricingput_indep_qiskit_5,5,42,max,hyb0,0.215639,11,9,1.000000
pricingput_indep_qiskit_5,5,42,max,hyb16,0.213319,11,9,1.000000
pricingput_indep_qiskit_5,5,42,l2,abs,0.210714,11,9,1.000000
pricingput_indep_qiskit_5,5,42,l2,hyb0,0.204933,14,9,1.000000
pricingput_indep_qiskit_5,5,42,l2,hyb16,0.211698,11,9,1.000000
pricingput_indep_qiskit_7,7,73,max,abs,0.340687,26,17,1.000000
pricingput_indep_qiskit_7,7,73,max,hyb0,0.340746,26,17,1.000000
pricingput_indep_qiskit_7,7,73,max,hyb16,0.351229,26,17,1.000000
pricingput_indep_qiskit_7,7,73,l2,abs,0.343130,26,18,1.000000
pricingput_indep_qiskit_7,7,73,l2,hyb0,0.353747,26,19,1.000000
pricingput_indep_qiskit_7,7,73,l2,hyb16,0.355433,26,18,1.000000
pricingput_indep_qiskit_9,9,112,max,abs,0.541072,48,30,1.000000
pricingput_indep_qiskit_9,9,112,max,hyb0,0.538585,48,30,1.000000
pricingput_indep_qiskit_9,9,112,max,hyb16,0.530491,48,30,1.000000
pricingput_indep_qiskit_9,9,112,l2,abs,0.533807,48,30,1.000000
pricingput_indep_qiskit_9,9,112,l2,hyb0,0.541378,48,31,1.000000
pricingput_indep_qiskit_9,9,112,l2,hyb16,0.536325,48,30,1.000000
qaoa_indep_qiskit_10,10,90,max,abs,0.446025,326,292,1.000000
qaoa_indep_qiskit_10,10,90,max,hyb0,0.466150,360,311,1.000000
qaoa_indep_qiskit_10,10,90,max,hyb16,0.457645,360,311,1.000000
qaoa_indep_qiskit_10,10,90,l2,abs,0.504777,399,321,1.000000
qaoa_indep_qiskit_10,10,90,l2,hyb0,0.468716,490,452,1.000000
qaoa_indep_qiskit_10,10,90,l2,hyb16,0.474648,490,452,1.000000
qaoa_indep_qiskit_3,3,27,max,abs,0.129775,8,6,1.000000
qaoa_indep_qiskit_3,3,27,max,hyb0,0.128897,8,6,1.000000
qaoa_indep_qiskit_3,3,27,max,hyb16,0.127696,8,6,1.000000
qaoa_indep_qiskit_3,3,27,l2,abs,0.130026,8,6,1.000000
qaoa_indep_qiskit_3,3,27,l2,hyb0,0.131290,8,6,1.000000
qaoa_indep_qiskit_3,3,27,l2,hyb16,0.135255,8,6,1.000000
qaoa_indep_qiskit_4,4,36,max,abs,0.169995,16,16,1.000000
qaoa_indep_qiskit_4,4,36,max,hyb0,0.170944,16,16,1.000000
qaoa_indep_qiskit_4,4,36,max,hyb16,0.181173,16,16,1.000000
qaoa_indep_qiskit_4,4,36,l2,abs,0.174683,16,16,1.000000
qaoa_indep_qiskit_4,4,36,l2,hyb0,0.181473,16,16,1.000000
qaoa_indep_qiskit_4,4,36,l2,hyb16,0.176203,16,16,1.000000
qaoa_indep_qiskit_5,5,45,max,abs,0.211335,32,26,1.000000
qaoa_indep_qiskit_5,5,45,max,hyb0,0.216661,32,28,1.000000
qaoa_indep_qiskit_5,5,45,max,hyb16,0.219749,32,28,1.000000
qaoa_indep_qiskit_5,5,45,l2,abs,0.221198,32,26,1.000000
qaoa_indep_qiskit_5,5,45,l2,hyb0,0.219749,32,28,1.000000
qaoa_indep_qiskit_5,5,45,l2,hyb16,0.219548,32,28,1.000000
qaoa_indep_qiskit_6,6,54,max,abs,0.261809,64,52,1.000000
qaoa_indep_qiskit_6,6,54,max,hyb0,0.257871,64,52,1.000000
qaoa_indep_qiskit_6,6,54,max,hyb16,0.255369,64,52,1.000000
qaoa_indep_qiskit_6,6,54,l2,abs,0.265504,64,54,1.000000
qaoa_indep_qiskit_6,6,54,l2,hyb0,0.264524,64,54,1.000000
qaoa_indep_qiskit_6,6,54,l2,hyb16,0.271398,64,54,1.000000
qaoa_indep_qiskit_7,7,63,max,abs,0.294269,34,32,1.000000
qaoa_indep_qiskit_7,7,63,max,hyb0,0.293540,34,32,1.000000
qaoa_indep_qiskit_7,7,63,max,hyb16,0.297949,34,32,1.000000
qaoa_indep_qiskit_7,7,63,l2,abs,0.295438,42,34,1.000000
qaoa_indep_qiskit_7,7,63,l2,hyb0,0.298229,40,32,1.000000
qaoa_indep_qiskit_7,7,63,l2,hyb16,0.309684,40,32,1.000000
qaoa_indep_qiskit_8,8,72,max,abs,0.360433,256,179,1.000000
qaoa_indep_qiskit_8,8,72,max,hyb0,0.366546,256,189,1.000000
qaoa_indep_qiskit_8,8,72,max,hyb16,0.358681,256,189,1.000000
qaoa_indep_qiskit_8,8,72,l2,abs,0.362194,256,213,1.000000
qaoa_indep_qiskit_8,8,72,l2,hyb0,0.368259,256,228,1.000000
qaoa_indep_qiskit_8,8,72,l2,hyb16,0.367432,256,228,1.000000
qaoa_indep_qiskit_9,9,81,max,abs,0.419706,512,384,1.000000
qaoa_indep_qiskit_9,9,81,max,hyb0,0.415405,512,416,1.000000
qaoa_indep_qiskit_9,9,81,max,hyb16,0.419094,512,416,1.000000
qaoa_indep_qiskit_9,9,81,l2,abs,0.436153,512,404,1.000000
qaoa_indep_qiskit_9,9,81,l2,hyb0,0.452087,512,464,1.000000
qaoa_indep_qiskit_9,9,81,l2,hyb16,0.444121,512,464,1.000000
qft_indep_qiskit_10,10,80,max,abs,0.377231,11,1,1.000000
qft_indep_qiskit_10,10,80,max,hyb0,0.390566,11,1,1.000000
qft_indep_qiskit_10,10,80,max,hyb16,0.384739,11,1,1.000000
qft_indep_qiskit_10,10,80,l2,abs,0.382793,11,1,1.000000
qft_indep_qiskit_10,10,80,l2,hyb0,0.377583,11,1,1.000000
qft_indep_qiskit_10,10,80,l2,hyb16,0.386704,11,1,1.000000
qft_indep_qiskit_2,2,8,max,abs,0.048015,3,1,1.000000
qft_indep_qiskit_2,2,8,max,hyb0,0.046651,3,1,1.000000
qft_indep_qiskit_2,2,8,max,hyb16,0.048480,3,1,1.000000
qft_indep_qiskit_2,2,8,l2,abs,0.045925,3,1,1.000000
qft_indep_qiskit_2,2,8,l2,hyb0,0.047101,3,1,1.000000
qft_indep_qiskit_2,2,8,l2,hyb16,0.046953,3,1,1.000000
qft_indep_qiskit_3,3,11,max,abs,0.060664,4,1,1.000000
qft_indep_qiskit_3,3,11,max,hyb0,0.062490,4,1,1.000000
qft_indep_qiskit_3,3,11,max,hyb16,0.061197,4,1,1.000000
qft_indep_qiskit_3,3,11,l2,abs,0.064318,4,1,1.000000
qft_indep_qiskit_3,3,11,l2,hyb0,0.062061,4,1,1.000000
qft_indep_qiskit_3,3,11,l2,hyb16,0.063874,4,1,1.000000
qft_indep_qiskit_4,4,20,max,abs,0.100182,5,1,1.000000
qft_indep_qiskit_4,4,20,max,hyb0,0.101558,5,1,1.000000
qft_indep_qiskit_4,4,20,max,hyb16,0.101746,5,1,1.000000
qft_indep_qiskit_4,4,20,l2,abs,0.102414,5,1,1.000000
qft_indep_qiskit_4,4,20,l2,hyb0,0.103023,5,1,1.000000
qft_indep_qiskit_4,4,20,l2,hyb16,0.108017,5,1,1.000000
qft_indep_qiskit_5,0,0,max,abs,0.000007,1,1,0.000000
qft_indep_qiskit_5,0,0,max,hyb0,0.000008,1,1,1.000000
qft_indep_qiskit_5,0,0,max,hyb16,0.000005,1,1,1.000000
qft_indep_qiskit_5,0,0,l2,abs,0.000003,1,1,0.000000
qft_indep_qiskit_5,0,0,l2,hyb0,0.000005,1,1,1.000000
qft_indep_qiskit_5,0,0,l2,hyb16,0.000006,1,1,1.000000
qft_indep_qiskit_6,6,36,max,abs,0.174992,7,1,1.000000
qft_indep_qiskit_6,6,36,max,hyb0,0.177522,7,1,1.000000
qft_indep_qiskit_6,6,36,max,hyb16,0.171725,7,1,1.000000
qft_indep_qiskit_6,6,36,l2,abs,0.171835,7,1,1.000000
qft_indep_qiskit_6,6,36,l2,hyb0,0.176621,7,1,1.000000
qft_indep_qiskit_6,6,36,l2,hyb16,0.183952,7,1,1.000000
qft_indep_qiskit_7,7,43,max,abs,0.214448,8,1,1.000000
qft_indep_qiskit_7,7,43,max,hyb0,0.204330,8,1,1.000000
qft_indep_qiskit_7,7,43,max,hyb16,0.211602,8,1,1.000000
qft_indep_qiskit_7,7,43,l2,abs,0.209939,8,1,1.000000
qft_indep_qiskit_7,7,43,l2,hyb0,0.207780,8,1,1.000000
qft_indep_qiskit_7,7,43,l2,hyb16,0.212239,8,1,1.000000
qft_indep_qiskit_8,8,56,max,abs,0.266734,9,1,1.000000
qft_indep_qiskit_8,8,56,max,hyb0,0.268472,9,1,1.000000
qft_indep_qiskit_8,8,56,max,hyb16,0.266639,9,1,1.000000
qft_indep_qiskit_8,8,56,l2,abs,0.269581,9,1,1.000000
qft_indep_qiskit_8,8,56,l2,hyb0,0.272106,9,1,1.000000
qft_indep_qiskit_8,8,56,l2,hyb16,0.278605,9,1,1.000000
qft_indep_qiskit_9,9,65,max,abs,0.311978,10,1,1.000000
qft_indep_qiskit_9,9,65,max,hyb0,0.309470,10,1,1.000000
qft_indep_qiskit_9,9,65,max,hyb16,0.322444,10,1,1.000000
qft_indep_qiskit_9,9,65,l2,abs,0.315260,10,1,1.000000
qft_indep_qiskit_9,9,65,l2,hyb0,0.310971,10,1,1.000000
qft_indep_qiskit_9,9,65,l2,hyb16,0.309986,10,1,1.000000
qftentangled_indep_qiskit_10,10,90,max,abs,0.467207,1024,1024,1.000000
qftentangled_indep_qiskit_10,10,90,max,hyb0,0.475410,1024,1024,1.000000
qftentangled_indep_qiskit_10,10,90,max,hyb16,0.480642,1024,1024,1.000000
qftentangled_indep_qiskit_10,10,90,l2,abs,0.475858,1024,1024,1.000000
qftentangled_indep_qiskit_10,10,90,l2,hyb0,0.497901,1024,1024,1.000000
qftentangled_indep_qiskit_10,10,90,l2,hyb16,0.490420,1024,1024,1.000000
qftentangled_indep_qiskit_2,2,10,max,abs,0.057110,4,4,1.000000
qftentangled_indep_qiskit_2,2,10,max,hyb0,0.055452,4,4,1.000000
qftentangled_indep_qiskit_2,2,10,max,hyb16,0.059478,4,4,1.000000
qftentangled_indep_qiskit_2,2,10,l2,abs,0.057235,4,4,1.000000
qftentangled_indep_qiskit_2,2,10,l2,hyb0,0.055768,4,4,1.000000
qftentangled_indep_qiskit_2,2,10,l2,hyb16,0.056474,4,4,1.000000
qftentangled_indep_qiskit_3,3,14,max,abs,0.076779,8,8,1.000000
qftentangled_indep_qiskit_3,3,14,max,hyb0,0.076363,8,8,1.000000
qftentangled_indep_qiskit_3,3,14,max,hyb16,0.074226,8,8,1.000000
qftentangled_indep_qiskit_3,3,14,l2,abs,0.074315,8,8,1.000000
qftentangled_indep_qiskit_3,3,14,l2,hyb0,0.073727,8,8,1.000000
qftentangled_indep_qiskit_3,3,14,l2,hyb16,0.076889,8,8,1.000000
qftentangled_indep_qiskit_4,4,24,max,abs,0.117135,16,16,1.000000
qftentangled_indep_qiskit_4,4,24,max,hyb0,0.119072,16,16,1.000000
qftentangled_indep_qiskit_4,4,24,max,hyb16,0.121174,16,16,1.000000
qftentangled_indep_qiskit_4,4,24,l2,abs,0.119486,16,16,1.000000
qftentangled_indep_qiskit_4,4,24,l2,hyb0,0.119937,16,16,1.000000
qftentangled_indep_qiskit_4,4,24,l2,hyb16,0.118693,16,16,1.000000
qftentangled_indep_qiskit_5,5,30,max,abs,0.146837,32,32,1.000000
qftentangled_indep_qiskit_5,5,30,max,hyb0,0.148674,32,32,1.000000
qftentangled_indep_qiskit_5,5,30,max,hyb16,0.151725,32,32,1.000000
qftentangled_indep_qiskit_5,5,30,l2,abs,0.153264,32,32,1.000000
qftentangled_indep_qiskit_5,5,30,l2,hyb0,0.151541,32,32,1.000000
qftentangled_indep_qiskit_5,5,30,l2,hyb16,0.149538,32,32,1.000000
qftentangled_indep_qiskit_6,6,42,max,abs,0.206377,64,64,1.000000
qftentangled_indep_qiskit_6,6,42,max,hyb0,0.209613,64,64,1.000000
qftentangled_indep_qiskit_6,6,42,max,hyb16,0.203674,64,64,1.000000
qftentangled_indep_qiskit_6,6,42,l2,abs,0.208118,64,64,1.000000
qftentangled_indep_qiskit_6,6,42,l2,hyb0,0.216886,64,64,1.000000
qftentangled_indep_qiskit_6,6,42,l2,hyb16,0.206143,64,64,1.000000
qftentangled_indep_qiskit_7,7,50,max,abs,0.247070,128,128,1.000000
qftentangled_indep_qiskit_7,7,50,max,hyb0,0.264651,128,128,1.000000
qftentangled_indep_qiskit_7,7,50,max,hyb16,0.245427,128,128,1.000000
qftentangled_indep_qiskit_7,7,50,l2,abs,0.248633,128,128,1.000000
qftentangled_indep_qiskit_7,7,50,l2,hyb0,0.254852,128,128,1.000000
qftentangled_indep_qiskit_7,7,50,l2,hyb16,0.254098,128,128,1.000000
qftentangled_indep_qiskit_8,8,64,max,abs,0.317394,256,256,1.000000
qftentangled_indep_qiskit_8,8,64,max,hyb0,0.312438,256,256,1.000000
qftentangled_indep_qiskit_8,8,64,max,hyb16,0.322814,256,256,1.000000
qftentangled_indep_qiskit_8,8,64,l2,abs,0.324893,256,256,1.000000
qftentangled_indep_qiskit_8,8,64,l2,hyb0,0.332649,256,256,1.000000
qftentangled_indep_qiskit_8,8,64,l2,hyb16,0.329562,256,256,1.000000
qftentangled_indep_qiskit_9,9,74,max,abs,0.376850,512,512,1.000000
qftentangled_indep_qiskit_9,9,74,max,hyb0,0.387325,512,512,1.000000
qftentangled_indep_qiskit_9,9,74,max,hyb16,0.382844,512,512,1.000000
qftentangled_indep_qiskit_9,9,74,l2,abs,0.383793,512,512,1.000000
qftentangled_indep_qiskit_9,9,74,l2,hyb0,0.381752,512,512,1.000000
qftentangled_indep_qiskit_9,9,74,l2,hyb16,0.383599,512,512,1.000000
qnn_indep_qiskit_10,10,319,max,abs,1.548015,1024,1024,1.000000
qnn_indep_qiskit_10,10,319,max,hyb0,1.579322,1024,1024,1.000000
qnn_indep_qiskit_10,10,319,max,hyb16,1.567846,1024,1024,1.000000
qnn_indep_qiskit_10,10,319,l2,abs,1.571388,1024,1024,1.000000
qnn_indep_qiskit_10,10,319,l2,hyb0,1.590362,1024,1024,1.000000
qnn_indep_qiskit_10,10,319,l2,hyb16,1.611871,1024,1024,1.000000
qnn_indep_qiskit_2,2,15,max,abs,0.085434,4,4,1.000000
qnn_indep_qiskit_2,2,15,max,hyb0,0.082122,4,4,1.000000
qnn_indep_qiskit_2,2,15,max,hyb16,0.083316,4,4,1.000000
qnn_indep_qiskit_2,2,15,l2,abs,0.082796,4,4,1.000000
qnn_indep_qiskit_2,2,15,l2,hyb0,0.081304,4,4,1.000000
qnn_indep_qiskit_2,2,15,l2,hyb16,0.081225,4,4,1.000000
qnn_indep_qiskit_3,3,32,max,abs,0.151210,8,8,1.000000
qnn_indep_qiskit_3,3,32,max,hyb0,0.158174,8,8,1.000000
qnn_indep_qiskit_3,3,32,max,hyb16,0.165661,8,8,1.000000
qnn_indep_qiskit_3,3,32,l2,abs,0.151998,8,8,1.000000
qnn_indep_qiskit_3,3,32,l2,hyb0,0.152740,8,8,1.000000
qnn_indep_qiskit_3,3,32,l2,hyb16,0.154600,8,8,1.000000
qnn_indep_qiskit_4,4,55,max,abs,0.266037,16,16,1.000000
qnn_indep_qiskit_4,4,55,max,hyb0,0.256109,16,16,1.000000
qnn_indep_qiskit_4,4,55,max,hyb16,0.255116,16,16,1.000000
qnn_indep_qiskit_4,4,55,l2,abs,0.273408,16,16,1.000000
qnn_indep_qiskit_4,4,55,l2,hyb0,0.261660,16,16,1.000000
qnn_indep_qiskit_4,4,55,l2,hyb16,0.259792,16,16,1.000000
qnn_indep_qiskit_5,5,84,max,abs,0.411391,32,32,1.000000
qnn_indep_qiskit_5,5,84,max,hyb0,0.386786,32,32,1.000000
qnn_indep_qiskit_5,5,84,max,hyb16,0.398114,32,32,1.000000
qnn_indep_qiskit_5,5,84,l2,abs,0.395099,32,32,1.000000
qnn_indep_qiskit_5,5,84,l2,hyb0,0.400740,32,32,1.000000
qnn_indep_qiskit_5,5,84,l2,hyb16,0.402254,32,32,1.000000
qnn_indep_qiskit_6,6,119,max,abs,0.553742,64,64,1.000000
qnn_indep_qiskit_6,6,119,max,hyb0,0.552194,64,64,1.000000
qnn_indep_qiskit_6,6,119,max,hyb16,0.562096,64,64,1.000000
qnn_indep_qiskit_6,6,119,l2,abs,0.549035,64,64,1.000000
qnn_indep_qiskit_6,6,119,l2,hyb0,0.558306,64,64,1.000000
qnn_indep_qiskit_6,6,119,l2,hyb16,0.623892,64,64,1.000000
qnn_indep_qiskit_7,7,160,max,abs,0.749639,128,128,1.000000
qnn_indep_qiskit_7,7,160,max,hyb0,0.748208,128,128,1.000000
qnn_indep_qiskit_7,7,160,max,hyb16,0.764440,128,128,1.000000
qnn_indep_qiskit_7,7,160,l2,abs,0.772643,128,128,1.000000
qnn_indep_qiskit_7,7,160,l2,hyb0,0.774017,128,128,1.000000
qnn_indep_qiskit_7,7,160,l2,hyb16,0.752342,128,128,1.000000
qnn_indep_qiskit_8,8,207,max,abs,1.000350,256,256,1.000000
qnn_indep_qiskit_8,8,207,max,hyb0,0.996502,256,256,1.000000
qnn_indep_qiskit_8,8,207,max,hyb16,0.987578,256,256,1.000000
qnn_indep_qiskit_8,8,207,l2,abs,0.993214,256,256,1.000000
qnn_indep_qiskit_8,8,207,l2,hyb0,0.993179,256,256,1.000000
qnn_indep_qiskit_8,8,207,l2,hyb16,0.996188,256,256,1.000000
qnn_indep_qiskit_9,9,260,max,abs,1.245428,512,512,1.000000
qnn_indep_qiskit_9,9,260,max,hyb0,1.274480,512,512,1.000000
qnn_indep_qiskit_9,9,260,max,hyb16,1.280155,512,512,1.000000
qnn_indep_qiskit_9,9,260,l2,abs,1.252181,512,512,1.000000
qnn_indep_qiskit_9,9,260,l2,hyb0,1.270514,512,512,1.000000
qnn_indep_qiskit_9,9,260,l2,hyb16,1.268570,512,512,1.000000
qpeexact_indep_qiskit_10,10,82,max,abs,0.379542,21,11,1.000000
qpeexact_indep_qiskit_10,10,82,max,hyb0,0.406151,96,96,1.000000
qpeexact_indep_qiskit_10,10,82,max,hyb16,0.387333,26,18,1.000000
qpeexact_indep_qiskit_10,10,82,l2,abs,0.401348,11,11,1.000000
qpeexact_indep_qiskit_10,10,82,l2,hyb0,0.393333,11,11,1.000000
qpeexact_indep_qiskit_10,10,82,l2,hyb16,0.399999,11,11,1.000000
qpeexact_indep_qiskit_2,2,4,max,abs,0.030391,3,3,1.000000
qpeexact_indep_qiskit_2,2,4,max,hyb0,0.030704,3,3,1.000000
qpeexact_indep_qiskit_2,2,4,max,hyb16,0.035173,3,3,1.000000
qpeexact_indep_qiskit_2,2,4,l2,abs,0.030831,3,3,1.000000
qpeexact_indep_qiskit_2,2,4,l2,hyb0,0.030899,3,3,1.000000
qpeexact_indep_qiskit_2,2,4,l2,hyb16,0.030200,3,3,1.000000
qpeexact_indep_qiskit_3,3,12,max,abs,0.064316,4,4,1.000000
qpeexact_indep_qiskit_3,3,12,max,hyb0,0.065044,5,4,1.000000
qpeexact_indep_qiskit_3,3,12,max,hyb16,0.065029,5,4,1.000000
qpeexact_indep_qiskit_3,3,12,l2,abs,0.067684,4,4,1.000000
qpeexact_indep_qiskit_3,3,12,l2,hyb0,0.065503,5,4,1.000000
qpeexact_indep_qiskit_3,3,12,l2,hyb16,0.066000,5,4,1.000000
qpeexact_indep_qiskit_4,4,16,max,abs,0.082487,5,5,1.000000
qpeexact_indep_qiskit_4,4,16,max,hyb0,0.085256,5,5,1.000000
qpeexact_indep_qiskit_4,4,16,max,hyb16,0.088328,5,5,1.000000
qpeexact_indep_qiskit_4,4,16,l2,abs,0.083773,5,5,1.000000
qpeexact_indep_qiskit_4,4,16,l2,hyb0,0.083702,5,5,1.000000
qpeexact_indep_qiskit_4,4,16,l2,hyb16,0.086249,5,5,1.000000
qpeexact_indep_qiskit_5,5,29,max,abs,0.154727,9,6,1.000000
qpeexact_indep_qiskit_5,5,29,max,hyb0,0.149998,10,8,1.000000
qpeexact_indep_qiskit_5,5,29,max,hyb16,0.152045,10,6,1.000000
qpeexact_indep_qiskit_5,5,29,l2,abs,0.140602,6,6,1.000000
qpeexact_indep_qiskit_5,5,29,l2,hyb0,0.151950,6,6,1.000000
qpeexact_indep_qiskit_5,5,29,l2,hyb16,0.145083,6,6,1.000000
qpeexact_indep_qiskit_6,6,35,max,abs,0.167333,9,7,1.000000
qpeexact_indep_qiskit_6,6,35,max,hyb0,0.169249,15,14,1.000000
qpeexact_indep_qiskit_6,6,35,max,hyb16,0.181413,9,7,1.000000
qpeexact_indep_qiskit_6,6,35,l2,abs,0.171423,7,7,1.000000
qpeexact_indep_qiskit_6,6,35,l2,hyb0,0.170569,7,7,1.000000
qpeexact_indep_qiskit_6,6,35,l2,hyb16,0.176798,7,7,1.000000
qpeexact_indep_qiskit_7,7,47,max,abs,0.230738,11,8,1.000000
qpeexact_indep_qiskit_7,7,47,max,hyb0,0.238084,31,30,1.000000
qpeexact_indep_qiskit_7,7,47,max,hyb16,0.221023,12,8,1.000000
qpeexact_indep_qiskit_7,7,47,l2,abs,0.221679,8,8,1.000000
qpeexact_indep_qiskit_7,7,47,l2,hyb0,0.234998,8,8,1.000000
qpeexact_indep_qiskit_7,7,47,l2,hyb16,0.231516,8,8,1.000000
qpeexact_indep_qiskit_8,8,58,max,abs,0.275776,41,9,1.000000
qpeexact_indep_qiskit_8,8,58,max,hyb0,0.293774,125,125,1.000000
qpeexact_indep_qiskit_8,8,58,max,hyb16,0.279290,87,9,1.000000
qpeexact_indep_qiskit_8,8,58,l2,abs,0.271819,9,9,1.000000
qpeexact_indep_qiskit_8,8,58,l2,hyb0,0.287180,10,9,1.000000
qpeexact_indep_qiskit_8,8,58,l2,hyb16,0.279814,10,9,1.000000
qpeexact_indep_qiskit_9,9,72,max,abs,0.333383,18,10,1.000000
qpeexact_indep_qiskit_9,9,72,max,hyb0,0.358525,111,111,1.000000
qpeexact_indep_qiskit_9,9,72,max,hyb16,0.338201,25,10,1.000000
qpeexact_indep_qiskit_9,9,72,l2,abs,0.349840,10,10,1.000000
qpeexact_indep_qiskit_9,9,72,l2,hyb0,0.347971,10,10,1.000000
qpeexact_indep_qiskit_9,9,72,l2,hyb16,0.345950,10,10,1.000000
qpeinexact_indep_qiskit_10,10,84,max,abs,0.443380,513,513,1.000000
qpeinexact_indep_qiskit_10,10,84,max,hyb0,0.437318,513,513,1.000000
qpeinexact_indep_qiskit_10,10,84,max,hyb16,0.440694,513,513,1.000000
qpeinexact_indep_qiskit_10,10,84,l2,abs,0.450813,513,513,1.000000
qpeinexact_indep_qiskit_10,10,84,l2,hyb0,0.444125,513,513,1.000000
qpeinexact_indep_qiskit_10,10,84,l2,hyb16,0.444996,513,513,1.000000
qpeinexact_indep_qiskit_2,2,4,max,abs,0.033206,3,3,1.000000
qpeinexact_indep_qiskit_2,2,4,max,hyb0,0.030813,3,3,1.000000
qpeinexact_indep_qiskit_2,2,4,max,hyb16,0.033548,3,3,1.000000
qpeinexact_indep_qiskit_2,2,4,l2,abs,0.030476,3,3,1.000000
qpeinexact_indep_qiskit_2,2,4,l2,hyb0,0.030022,3,3,1.000000
qpeinexact_indep_qiskit_2,2,4,l2,hyb16,0.034622,3,3,1.000000
qpeinexact_indep_qiskit_3,3,13,max,abs,0.070142,5,5,1.000000
qpeinexact_indep_qiskit_3,3,13,max,hyb0,0.076838,5,5,1.000000
qpeinexact_indep_qiskit_3,3,13,max,hyb16,0.072482,5,5,1.000000
qpeinexact_indep_qiskit_3,3,13,l2,abs,0.070322,5,5,1.000000
qpeinexact_indep_qiskit_3,3,13,l2,hyb0,0.073895,5,5,1.000000
qpeinexact_indep_qiskit_3,3,13,l2,hyb16,0.074429,5,5,1.000000
qpeinexact_indep_qiskit_4,4,18,max,abs,0.095757,9,9,1.000000
qpeinexact_indep_qiskit_4,4,18,max,hyb0,0.092085,9,9,1.000000
qpeinexact_indep_qiskit_4,4,18,max,hyb16,0.096654,9,9,1.000000
qpeinexact_indep_qiskit_4,4,18,l2,abs,0.091718,9,9,1.000000
qpeinexact_indep_qiskit_4,4,18,l2,hyb0,0.093060,9,9,1.000000
qpeinexact_indep_qiskit_4,4,18,l2,hyb16,0.093094,9,9,1.000000
qpeinexact_indep_qiskit_5,5,29,max,abs,0.155577,17,17,1.000000
qpeinexact_indep_qiskit_5,5,29,max,hyb0,0.152856,17,17,1.000000
qpeinexact_indep_qiskit_5,5,29,max,hyb16,0.150263,17,17,1.000000
qpeinexact_indep_qiskit_5,5,29,l2,abs,0.146096,17,17,1.000000
qpeinexact_indep_qiskit_5,5,29,l2,hyb0,0.143413,17,17,1.000000
qpeinexact_indep_qiskit_5,5,29,l2,hyb16,0.156837,17,17,1.000000
qpeinexact_indep_qiskit_6,6,36,max,abs,0.180137,33,33,1.000000
qpeinexact_indep_qiskit_6,6,36,max,hyb0,0.183855,33,33,1.000000
qpeinexact_indep_qiskit_6,6,36,max,hyb16,0.185509,33,33,1.000000
qpeinexact_indep_qiskit_6,6,36,l2,abs,0.182276,33,33,1.000000
qpeinexact_indep_qiskit_6,6,36,l2,hyb0,0.180392,33,33,1.000000
qpeinexact_indep_qiskit_6,6,36,l2,hyb16,0.178996,33,33,1.000000
qpeinexact_indep_qiskit_7,7,49,max,abs,0.240569,65,65,1.000000
qpeinexact_indep_qiskit_7,7,49,max,hyb0,0.241760,65,65,1.000000
qpeinexact_indep_qiskit_7,7,49,max,hyb16,0.241954,65,65,1.000000
qpeinexact_indep_qiskit_7,7,49,l2,abs,0.239112,65,65,1.000000
qpeinexact_indep_qiskit_7,7,49,l2,hyb0,0.242947,65,65,1.000000
qpeinexact_indep_qiskit_7,7,49,l2,hyb16,0.241682,65,65,1.000000
qpeinexact_indep_qiskit_8,8,58,max,abs,0.280637,129,129,1.000000
qpeinexact_indep_qiskit_8,8,58,max,hyb0,0.286405,129,129,1.000000
qpeinexact_indep_qiskit_8,8,58,max,hyb16,0.284158,129,129,1.000000
qpeinexact_indep_qiskit_8,8,58,l2,abs,0.289541,129,129,1.000000
qpeinexact_indep_qiskit_8,8,58,l2,hyb0,0.298906,129,129,1.000000
qpeinexact_indep_qiskit_8,8,58,l2,hyb16,0.291214,129,129,1.000000
qpeinexact_indep_qiskit_9,9,73,max,abs,0.373037,257,257,1.000000
qpeinexact_indep_qiskit_9,9,73,max,hyb0,0.370769,257,257,1.000000
qpeinexact_indep_qiskit_9,9,73,max,hyb16,0.365955,257,257,1.000000
qpeinexact_indep_qiskit_9,9,73,l2,abs,0.374172,257,257,1.000000
qpeinexact_indep_qiskit_9,9,73,l2,hyb0,0.373227,257,257,1.000000
qpeinexact_indep_qiskit_9,9,73,l2,hyb16,0.380451,257,257,1.000000
qwalk-noancilla_indep_qiskit_10,10,12327,max,abs,56.515728,95,40,1.000000
qwalk-noancilla_indep_qiskit_10,NA,NA,max,hyb0,TIMEOUT,NA,NA,NA
qwalk-noancilla_indep_qiskit_10,10,12327,max,hyb16,56.861868,111,37,1.000000
qwalk-noancilla_indep_qiskit_10,10,12327,l2,abs,57.185572,63,22,1.000000
qwalk-noancilla_indep_qiskit_10,NA,NA,l2,hyb0,TIMEOUT,NA,NA,NA
qwalk-noancilla_indep_qiskit_10,10,12327,l2,hyb16,57.773499,168,77,1.000000
qwalk-noancilla_indep_qiskit_3,3,25,max,abs,0.124659,6,3,1.000000
qwalk-noancilla_indep_qiskit_3,3,25,max,hyb0,0.123620,6,5,1.000000
qwalk-noancilla_indep_qiskit_3,3,25,max,hyb16,0.123551,6,3,1.000000
qwalk-noancilla_indep_qiskit_3,3,25,l2,abs,0.120391,6,3,1.000000
qwalk-noancilla_indep_qiskit_3,3,25,l2,hyb0,0.121234,7,3,1.000000
qwalk-noancilla_indep_qiskit_3,3,25,l2,hyb16,0.121074,7,3,1.000000
qwalk-noancilla_indep_qiskit_4,4,190,max,abs,0.888426,11,10,1.000000
qwalk-noancilla_indep_qiskit_4,4,190,max,hyb0,0.867333,16,14,1.000000
qwalk-noancilla_indep_qiskit_4,4,190,max,hyb16,0.867570,12,12,1.000000
qwalk-noancilla_indep_qiskit_4,4,190,l2,abs,0.904826,11,10,1.000000
qwalk-noancilla_indep_qiskit_4,4,190,l2,hyb0,0.925813,15,10,1.000000
qwalk-noancilla_indep_qiskit_4,4,190,l2,hyb16,0.922059,11,10,1.000000
qwalk-noancilla_indep_qiskit_5,5,453,max,abs,2.074588,21,12,1.000000
qwalk-noancilla_indep_qiskit_5,5,453,max,hyb0,2.056385,30,28,1.000000
qwalk-noancilla_indep_qiskit_5,5,453,max,hyb16,2.045152,24,12,1.000000
qwalk-noancilla_indep_qiskit_5,5,453,l2,abs,2.064210,19,12,1.000000
qwalk-noancilla_indep_qiskit_5,5,453,l2,hyb0,2.103356,32,16,1.000000
qwalk-noancilla_indep_qiskit_5,5,453,l2,hyb16,2.086243,19,12,1.000000
qwalk-noancilla_indep_qiskit_6,6,831,max,abs,3.719279,33,14,1.000000
qwalk-noancilla_indep_qiskit_6,6,831,max,hyb0,3.854016,58,57,1.000000
qwalk-noancilla_indep_qiskit_6,6,831,max,hyb16,3.828680,37,21,1.000000
qwalk-noancilla_indep_qiskit_6,6,831,l2,abs,3.794536,33,14,1.000000
qwalk-noancilla_indep_qiskit_6,6,831,l2,hyb0,3.893079,63,35,1.000000
qwalk-noancilla_indep_qiskit_6,6,831,l2,hyb16,3.806348,34,14,1.000000
qwalk-noancilla_indep_qiskit_7,7,1593,max,abs,7.193892,42,16,1.000000
qwalk-noancilla_indep_qiskit_7,7,1593,max,hyb0,7.405308,114,86,1.000000
qwalk-noancilla_indep_qiskit_7,7,1593,max,hyb16,7.284357,44,21,1.000000
qwalk-noancilla_indep_qiskit_7,7,1593,l2,abs,7.324022,42,16,1.000000
qwalk-noancilla_indep_qiskit_7,7,1593,l2,hyb0,7.639340,123,94,1.000000
qwalk-noancilla_indep_qiskit_7,7,1593,l2,hyb16,7.331838,44,16,1.000000
qwalk-noancilla_indep_qiskit_8,8,3123,max,abs,14.221368,45,18,1.000000
qwalk-noancilla_indep_qiskit_8,8,3123,max,hyb0,14.739090,232,188,1.000000
qwalk-noancilla_indep_qiskit_8,8,3123,max,hyb16,14.353575,60,28,1.000000
qwalk-noancilla_indep_qiskit_8,8,3123,l2,abs,14.470608,45,18,1.000000
qwalk-noancilla_indep_qiskit_8,8,3123,l2,hyb0,14.847507,163,106,1.000000
qwalk-noancilla_indep_qiskit_8,8,3123,l2,hyb16,14.560195,82,48,1.000000
qwalk-noancilla_indep_qiskit_9,9,6189,max,abs,28.233474,54,20,1.000000
qwalk-noancilla_indep_qiskit_9,9,6189,max,hyb0,30.349729,492,431,1.000000
qwalk-noancilla_indep_qiskit_9,9,6189,max,hyb16,28.505197,72,31,1.000000
qwalk-noancilla_indep_qiskit_9,9,6189,l2,abs,28.830831,54,20,1.000000
qwalk-noancilla_indep_qiskit_9,9,6189,l2,hyb0,30.223671,440,326,1.000000
qwalk-noancilla_indep_qiskit_9,9,6189,l2,hyb16,28.984767,86,25,1.000000
qwalk-v-chain_indep_qiskit_3,3,25,max,abs,0.121274,6,3,1.000000
qwalk-v-chain_indep_qiskit_3,3,25,max,hyb0,0.121316,6,5,1.000000
qwalk-v-chain_indep_qiskit_3,3,25,max,hyb16,0.126338,6,3,1.000000
qwalk-v-chain_indep_qiskit_3,3,25,l2,abs,0.131250,6,3,1.000000
qwalk-v-chain_indep_qiskit_3,3,25,l2,hyb0,0.125725,7,3,1.000000
qwalk-v-chain_indep_qiskit_3,3,25,l2,hyb16,0.124882,7,3,1.000000
qwalk-v-chain_indep_qiskit_5,5,85,max,abs,0.389236,12,11,1.000000
qwalk-v-chain_indep_qiskit_5,5,85,max,hyb0,0.396834,13,13,1.000000
qwalk-v-chain_indep_qiskit_5,5,85,max,hyb16,0.383452,12,11,1.000000
qwalk-v-chain_indep_qiskit_5,5,85,l2,abs,0.398731,12,11,1.000000
qwalk-v-chain_indep_qiskit_5,5,85,l2,hyb0,0.386723,12,11,1.000000
qwalk-v-chain_indep_qiskit_5,5,85,l2,hyb16,0.405526,12,11,1.000000
qwalk-v-chain_indep_qiskit_7,7,193,max,abs,0.889520,19,14,1.000000
qwalk-v-chain_indep_qiskit_7,7,193,max,hyb0,0.885851,20,16,1.000000
qwalk-v-chain_indep_qiskit_7,7,193,max,hyb16,0.857927,19,14,1.000000
qwalk-v-chain_indep_qiskit_7,7,193,l2,abs,0.872432,19,14,1.000000
qwalk-v-chain_indep_qiskit_7,7,193,l2,hyb0,0.868830,19,14,1.000000
qwalk-v-chain_indep_qiskit_7,7,193,l2,hyb16,0.873643,19,14,1.000000
qwalk-v-chain_indep_qiskit_9,9,349,max,abs,1.542822,25,17,1.000000
qwalk-v-chain_indep_qiskit_9,9,349,max,hyb0,1.565951,26,19,1.000000
qwalk-v-chain_indep_qiskit_9,9,349,max,hyb16,1.543496,25,17,1.000000
qwalk-v-chain_indep_qiskit_9,9,349,l2,abs,1.566291,25,17,1.000000
qwalk-v-chain_indep_qiskit_9,9,349,l2,hyb0,1.595759,25,17,1.000000
qwalk-v-chain_indep_qiskit_9,9,349,l2,hyb16,1.569504,25,17,1.000000
random_indep_qiskit_10,10,247,max,abs,1.318131,1024,1024,1.000000
random_indep_qiskit_10,10,247,max,hyb0,1.381796,1024,1024,1.000000
random_indep_qiskit_10,10,247,max,hyb16,1.358643,1024,1024,1.000000
random_indep_qiskit_10,10,247,l2,abs,1.387592,1024,1024,1.000000
random_indep_qiskit_10,10,247,l2,hyb0,1.529877,1024,1024,1.000000
random_indep_qiskit_10,10,247,l2,hyb16,1.448193,1024,1024,1.000000
random_indep_qiskit_2,2,22,max,abs,0.111370,4,4,1.000000
random_indep_qiskit_2,2,22,max,hyb0,0.110052,4,4,1.000000
random_indep_qiskit_2,2,22,max,hyb16,0.108838,4,4,1.000000
random_indep_qiskit_2,2,22,l2,abs,0.110242,4,4,1.000000
random_indep_qiskit_2,2,22,l2,hyb0,0.111440,4,4,1.000000
random_indep_qiskit_2,2,22,l2,hyb16,0.115145,4,4,1.000000
random_indep_qiskit_3,3,24,max,abs,0.118603,8,8,1.000000
random_indep_qiskit_3,3,24,max,hyb0,0.116325,8,8,1.000000
random_indep_qiskit_3,3,24,max,hyb16,0.118272,8,8,1.000000
random_indep_qiskit_3,3,24,l2,abs,0.115905,8,8,1.000000
random_indep_qiskit_3,3,24,l2,hyb0,0.117633,8,8,1.000000
random_indep_qiskit_3,3,24,l2,hyb16,0.119991,8,8,1.000000
random_indep_qiskit_4,4,52,max,abs,0.243999,16,16,1.000000
random_indep_qiskit_4,4,52,max,hyb0,0.269061,16,16,1.000000
random_indep_qiskit_4,4,52,max,hyb16,0.245640,16,16,1.000000
random_indep_qiskit_4,4,52,l2,abs,0.249933,16,16,1.000000
random_indep_qiskit_4,4,52,l2,hyb0,0.262204,16,16,1.000000
random_indep_qiskit_4,4,52,l2,hyb16,0.256568,16,16,1.000000
random_indep_qiskit_5,5,64,max,abs,0.312055,32,32,1.000000
random_indep_qiskit_5,5,64,max,hyb0,0.304625,32,32,1.000000
random_indep_qiskit_5,5,64,max,hyb16,0.302114,32,32,1.000000
random_indep_qiskit_5,5,64,l2,abs,0.299942,32,32,1.000000
random_indep_qiskit_5,5,64,l2,hyb0,0.305514,32,32,1.000000
random_indep_qiskit_5,5,64,l2,hyb16,0.305746,32,32,1.000000
random_indep_qiskit_6,6,86,max,abs,0.401937,64,64,1.000000
random_indep_qiskit_6,6,86,max,hyb0,0.403502,64,64,1.000000
random_indep_qiskit_6,6,86,max,hyb16,0.411872,64,64,1.000000
random_indep_qiskit_6,6,86,l2,abs,0.404486,64,64,1.000000
random_indep_qiskit_6,6,86,l2,hyb0,0.421198,64,64,1.000000
random_indep_qiskit_6,6,86,l2,hyb16,0.410424,64,64,1.000000
random_indep_qiskit_7,7,131,max,abs,0.625709,128,128,1.000000
random_indep_qiskit_7,7,131,max,hyb0,0.631976,128,128,1.000000
random_indep_qiskit_7,7,131,max,hyb16,0.623376,128,128,1.000000
random_indep_qiskit_7,7,131,l2,abs,0.634711,128,128,1.000000
random_indep_qiskit_7,7,131,l2,hyb0,0.639678,128,128,1.000000
random_indep_qiskit_7,7,131,l2,hyb16,0.631660,128,128,1.000000
random_indep_qiskit_8,8,180,max,abs,0.908767,256,256,1.000000
random_indep_qiskit_8,8,180,max,hyb0,0.906636,256,256,1.000000
random_indep_qiskit_8,8,180,max,hyb16,0.904531,256,256,1.000000
random_indep_qiskit_8,8,180,l2,abs,0.905682,256,256,1.000000
random_indep_qiskit_8,8,180,l2,hyb0,0.933154,256,256,1.000000
random_indep_qiskit_8,8,180,l2,hyb16,0.945618,256,256,1.000000
random_indep_qiskit_9,9,176,max,abs,0.928000,512,512,1.000000
random_indep_qiskit_9,9,176,max,hyb0,0.939049,512,512,1.000000
random_indep_qiskit_9,9,176,max,hyb16,0.930793,512,512,1.000000
random_indep_qiskit_9,9,176,l2,abs,0.952164,512,512,1.000000
random_indep_qiskit_9,9,176,l2,hyb0,0.986223,512,512,1.000000
random_indep_qiskit_9,9,176,l2,hyb16,0.970489,512,512,1.000000
realamprandom_indep_qiskit_10,10,175,max,abs,1.003898,1024,1024,1.000000
realamprandom_indep_qiskit_10,10,175,max,hyb0,0.979056,1024,1024,1.000000
realamprandom_indep_qiskit_10,10,175,max,hyb16,0.982927,1024,1024,1.000000
realamprandom_indep_qiskit_10,10,175,l2,abs,1.009196,1024,1024,1.000000
realamprandom_indep_qiskit_10,10,175,l2,hyb0,1.021506,1024,1024,1.000000
realamprandom_indep_qiskit_10,10,175,l2,hyb16,1.016890,1024,1024,1.000000
realamprandom_indep_qiskit_2,2,11,max,abs,0.061422,4,4,1.000000
realamprandom_indep_qiskit_2,2,11,max,hyb0,0.060302,4,4,1.000000
realamprandom_indep_qiskit_2,2,11,max,hyb16,0.060007,4,4,1.000000
realamprandom_indep_qiskit_2,2,11,l2,abs,0.059693,4,4,1.000000
realamprandom_indep_qiskit_2,2,11,l2,hyb0,0.059650,4,4,1.000000
realamprandom_indep_qiskit_2,2,11,l2,hyb16,0.059935,4,4,1.000000
realamprandom_indep_qiskit_3,3,21,max,abs,0.103999,8,8,1.000000
realamprandom_indep_qiskit_3,3,21,max,hyb0,0.106338,8,8,1.000000
realamprandom_indep_qiskit_3,3,21,max,hyb16,0.105159,8,8,1.000000
realamprandom_indep_qiskit_3,3,21,l2,abs,0.108792,8,8,1.000000
realamprandom_indep_qiskit_3,3,21,l2,hyb0,0.108531,8,8,1.000000
realamprandom_indep_qiskit_3,3,21,l2,hyb16,0.103281,8,8,1.000000
realamprandom_indep_qiskit_4,4,34,max,abs,0.161720,16,16,1.000000
realamprandom_indep_qiskit_4,4,34,max,hyb0,0.169632,16,16,1.000000
realamprandom_indep_qiskit_4,4,34,max,hyb16,0.168946,16,16,1.000000
realamprandom_indep_qiskit_4,4,34,l2,abs,0.168677,16,16,1.000000
realamprandom_indep_qiskit_4,4,34,l2,hyb0,0.165026,16,16,1.000000
realamprandom_indep_qiskit_4,4,34,l2,hyb16,0.177007,16,16,1.000000
realamprandom_indep_qiskit_5,5,50,max,abs,0.241353,32,32,1.000000
realamprandom_indep_qiskit_5,5,50,max,hyb0,0.244180,32,32,1.000000
realamprandom_indep_qiskit_5,5,50,max,hyb16,0.235809,32,32,1.000000
realamprandom_indep_qiskit_5,5,50,l2,abs,0.243414,32,32,1.000000
realamprandom_indep_qiskit_5,5,50,l2,hyb0,0.246098,32,32,1.000000
realamprandom_indep_qiskit_5,5,50,l2,hyb16,0.238088,32,32,1.000000
realamprandom_indep_qiskit_6,6,69,max,abs,0.337681,64,64,1.000000
realamprandom_indep_qiskit_6,6,69,max,hyb0,0.327083,64,64,1.000000
realamprandom_indep_qiskit_6,6,69,max,hyb16,0.326704,64,64,1.000000
realamprandom_indep_qiskit_6,6,69,l2,abs,0.336619,64,64,1.000000
realamprandom_indep_qiskit_6,6,69,l2,hyb0,0.344333,64,64,1.000000
realamprandom_indep_qiskit_6,6,69,l2,hyb16,0.350000,64,64,1.000000
realamprandom_indep_qiskit_7,7,91,max,abs,0.465298,128,128,1.000000
realamprandom_indep_qiskit_7,7,91,max,hyb0,0.447567,128,128,1.000000
realamprandom_indep_qiskit_7,7,91,max,hyb16,0.452164,128,128,1.000000
realamprandom_indep_qiskit_7,7,91,l2,abs,0.447235,128,128,1.000000
realamprandom_indep_qiskit_7,7,91,l2,hyb0,0.445797,128,128,1.000000
realamprandom_indep_qiskit_7,7,91,l2,hyb16,0.449464,128,128,1.000000
realamprandom_indep_qiskit_8,8,116,max,abs,0.572033,256,256,1.000000
realamprandom_indep_qiskit_8,8,116,max,hyb0,0.584924,256,256,1.000000
realamprandom_indep_qiskit_8,8,116,max,hyb16,0.575557,256,256,1.000000
realamprandom_indep_qiskit_8,8,116,l2,abs,0.582688,256,256,1.000000
realamprandom_indep_qiskit_8,8,116,l2,hyb0,0.601637,256,256,1.000000
realamprandom_indep_qiskit_8,8,116,l2,hyb16,0.601744,256,256,1.000000
realamprandom_indep_qiskit_9,9,144,max,abs,0.742922,512,512,1.000000
realamprandom_indep_qiskit_9,9,144,max,hyb0,0.754472,512,512,1.000000
realamprandom_indep_qiskit_9,9,144,max,hyb16,0.751981,512,512,1.000000
realamprandom_indep_qiskit_9,9,144,l2,abs,0.769614,512,512,1.000000
realamprandom_indep_qiskit_9,9,144,l2,hyb0,0.792852,512,512,1.000000
realamprandom_indep_qiskit_9,9,144,l2,hyb16,0.782633,512,512,1.000000
routing_indep_qiskit_12,12,81,max,abs,0.703426,4096,4096,1.000000
routing_indep_qiskit_12,12,81,max,hyb0,0.739671,4096,4096,1.000000
routing_indep_qiskit_12,12,81,max,hyb16,0.728934,4096,4096,1.000000
routing_indep_qiskit_12,12,81,l2,abs,0.781273,4096,4096,1.000000
routing_indep_qiskit_12,12,81,l2,hyb0,0.864259,4096,4096,1.000000
routing_indep_qiskit_12,12,81,l2,hyb16,0.875870,4096,4096,1.000000
routing_indep_qiskit_2,2,11,max,abs,0.062952,4,4,1.000000
routing_indep_qiskit_2,2,11,max,hyb0,0.065168,4,4,1.000000
routing_indep_qiskit_2,2,11,max,hyb16,0.063405,4,4,1.000000
routing_indep_qiskit_2,2,11,l2,abs,0.060124,4,4,1.000000
routing_indep_qiskit_2,2,11,l2,hyb0,0.060940,4,4,1.000000
routing_indep_qiskit_2,2,11,l2,hyb16,0.060019,4,4,1.000000
routing_indep_qiskit_6,6,39,max,abs,0.192900,64,64,1.000000
routing_indep_qiskit_6,6,39,max,hyb0,0.196649,64,64,1.000000
routing_indep_qiskit_6,6,39,max,hyb16,0.194824,64,64,1.000000
routing_indep_qiskit_6,6,39,l2,abs,0.190967,64,64,1.000000
routing_indep_qiskit_6,6,39,l2,hyb0,0.195583,64,64,1.000000
routing_indep_qiskit_6,6,39,l2,hyb16,0.205499,64,64,1.000000
su2random_indep_qiskit_10,10,175,max,abs,0.956365,1024,1024,1.000000
su2random_indep_qiskit_10,10,175,max,hyb0,1.046351,1024,1024,1.000000
su2random_indep_qiskit_10,10,175,max,hyb16,0.984149,1024,1024,1.000000
su2random_indep_qiskit_10,10,175,l2,abs,0.994533,1024,1024,1.000000
su2random_indep_qiskit_10,10,175,l2,hyb0,1.044004,1024,1024,1.000000
su2random_indep_qiskit_10,10,175,l2,hyb16,1.033341,1024,1024,1.000000
su2random_indep_qiskit_2,2,11,max,abs,0.064191,4,4,1.000000
su2random_indep_qiskit_2,2,11,max,hyb0,0.059109,4,4,1.000000
su2random_indep_qiskit_2,2,11,max,hyb16,0.058753,4,4,1.000000
su2random_indep_qiskit_2,2,11,l2,abs,0.059070,4,4,1.000000
su2random_indep_qiskit_2,2,11,l2,hyb0,0.065572,4,4,1.000000
su2random_indep_qiskit_2,2,11,l2,hyb16,0.061200,4,4,1.000000
su2random_indep_qiskit_3,3,21,max,abs,0.103500,8,8,1.000000
su2random_indep_qiskit_3,3,21,max,hyb0,0.103483,8,8,1.000000
su2random_indep_qiskit_3,3,21,max,hyb16,0.104623,8,8,1.000000
su2random_indep_qiskit_3,3,21,l2,abs,0.105354,8,8,1.000000
su2random_indep_qiskit_3,3,21,l2,hyb0,0.105664,8,8,1.000000
su2random_indep_qiskit_3,3,21,l2,hyb16,0.110705,8,8,1.000000
su2random_indep_qiskit_4,4,34,max,abs,0.175043,16,16,1.000000
su2random_indep_qiskit_4,4,34,max,hyb0,0.165590,16,16,1.000000
su2random_indep_qiskit_4,4,34,max,hyb16,0.163869,16,16,1.000000
su2random_indep_qiskit_4,4,34,l2,abs,0.173884,16,16,1.000000
su2random_indep_qiskit_4,4,34,l2,hyb0,0.165923,16,16,1.000000
su2random_indep_qiskit_4,4,34,l2,hyb16,0.168442,16,16,1.000000
su2random_indep_qiskit_5,5,50,max,abs,0.238244,32,32,1.000000
su2random_indep_qiskit_5,5,50,max,hyb0,0.240162,32,32,1.000000
su2random_indep_qiskit_5,5,50,max,hyb16,0.239207,32,32,1.000000
su2random_indep_qiskit_5,5,50,l2,abs,0.241925,32,32,1.000000
su2random_indep_qiskit_5,5,50,l2,hyb0,0.238690,32,32,1.000000
su2random_indep_qiskit_5,5,50,l2,hyb16,0.253386,32,32,1.000000
su2random_indep_qiskit_6,6,69,max,abs,0.337987,64,64,1.000000
su2random_indep_qiskit_6,6,69,max,hyb0,0.339687,64,64,1.000000
su2random_indep_qiskit_6,6,69,max,hyb16,0.342508,64,64,1.000000
su2random_indep_qiskit_6,6,69,l2,abs,0.340248,64,64,1.000000
su2random_indep_qiskit_6,6,69,l2,hyb0,0.342277,64,64,1.000000
su2random_indep_qiskit_6,6,69,l2,hyb16,0.332120,64,64,1.000000
su2random_indep_qiskit_7,7,91,max,abs,0.438685,128,128,1.000000
su2random_indep_qiskit_7,7,91,max,hyb0,0.440779,128,128,1.000000
su2random_indep_qiskit_7,7,91,max,hyb16,0.444594,128,128,1.000000
su2random_indep_qiskit_7,7,91,l2,abs,0.444910,128,128,1.000000
su2random_indep_qiskit_7,7,91,l2,hyb0,0.456601,128,128,1.000000
su2random_indep_qiskit_7,7,91,l2,hyb16,0.448409,128,128,1.000000
su2random_indep_qiskit_8,8,116,max,abs,0.603421,256,256,1.000000
su2random_indep_qiskit_8,8,116,max,hyb0,0.596576,256,256,1.000000
su2random_indep_qiskit_8,8,116,max,hyb16,0.587168,256,256,1.000000
su2random_indep_qiskit_8,8,116,l2,abs,0.589312,256,256,1.000000
su2random_indep_qiskit_8,8,116,l2,hyb0,0.591016,256,256,1.000000
su2random_indep_qiskit_8,8,116,l2,hyb16,0.597803,256,256,1.000000
su2random_indep_qiskit_9,9,144,max,abs,0.749234,512,512,1.000000
su2random_indep_qiskit_9,9,144,max,hyb0,0.773232,512,512,1.000000
su2random_indep_qiskit_9,9,144,max,hyb16,0.757503,512,512,1.000000
su2random_indep_qiskit_9,9,144,l2,abs,0.757881,512,512,1.000000
su2random_indep_qiskit_9,9,144,l2,hyb0,0.781841,512,512,1.000000
su2random_indep_qiskit_9,9,144,l2,hyb16,0.794885,512,512,1.000000
tsp_indep_qiskit_4,4,39,max,abs,0.185971,16,16,1.000000
tsp_indep_qiskit_4,4,39,max,hyb0,0.185151,16,16,1.000000
tsp_indep_qiskit_4,4,39,max,hyb16,0.195305,16,16,1.000000
tsp_indep_qiskit_4,4,39,l2,abs,0.195244,16,16,1.000000
tsp_indep_qiskit_4,4,39,l2,hyb0,0.188554,16,16,1.000000
tsp_indep_qiskit_4,4,39,l2,hyb16,0.189357,16,16,1.000000
tsp_indep_qiskit_9,9,94,max,abs,0.499371,512,512,1.000000
tsp_indep_qiskit_9,9,94,max,hyb0,0.493963,512,512,1.000000
tsp_indep_qiskit_9,9,94,max,hyb16,0.501195,512,512,1.000000
tsp_indep_qiskit_9,9,94,l2,abs,0.504348,512,512,1.000000
tsp_indep_qiskit_9,9,94,l2,hyb0,0.527705,512,512,1.000000
tsp_indep_qiskit_9,9,94,l2,hyb16,0.526959,512,512,1.000000
twolocalrandom_indep_qiskit_10,10,175,max,abs,0.963120,1024,1024,1.000000
twolocalrandom_indep_qiskit_10,10,175,max,hyb0,0.991425,1024,1024,1.000000
twolocalrandom_indep_qiskit_10,10,175,max,hyb16,0.986518,1024,1024,1.000000
twolocalrandom_indep_qiskit_10,10,175,l2,abs,0.992907,1024,1024,1.000000
twolocalrandom_indep_qiskit_10,10,175,l2,hyb0,1.027250,1024,1024,1.000000
twolocalrandom_indep_qiskit_10,10,175,l2,hyb16,1.023114,1024,1024,1.000000
twolocalrandom_indep_qiskit_2,2,11,max,abs,0.060702,4,4,1.000000
twolocalrandom_indep_qiskit_2,2,11,max,hyb0,0.066216,4,4,1.000000
twolocalrandom_indep_qiskit_2,2,11,max,hyb16,0.067360,4,4,1.000000
twolocalrandom_indep_qiskit_2,2,11,l2,abs,0.063449,4,4,1.000000
twolocalrandom_indep_qiskit_2,2,11,l2,hyb0,0.060657,4,4,1.000000
twolocalrandom_indep_qiskit_2,2,11,l2,hyb16,0.063921,4,4,1.000000
twolocalrandom_indep_qiskit_3,3,21,max,abs,0.103518,8,8,1.000000
twolocalrandom_indep_qiskit_3,3,21,max,hyb0,0.104757,8,8,1.000000
twolocalrandom_indep_qiskit_3,3,21,max,hyb16,0.108324,8,8,1.000000
twolocalrandom_indep_qiskit_3,3,21,l2,abs,0.106468,8,8,1.000000
twolocalrandom_indep_qiskit_3,3,21,l2,hyb0,0.110380,8,8,1.000000
twolocalrandom_indep_qiskit_3,3,21,l2,hyb16,0.107006,8,8,1.000000
twolocalrandom_indep_qiskit_4,4,34,max,abs,0.162826,16,16,1.000000
twolocalrandom_indep_qiskit_4,4,34,max,hyb0,0.162477,16,16,1.000000
twolocalrandom_indep_qiskit_4,4,34,max,hyb16,0.161045,16,16,1.000000
twolocalrandom_indep_qiskit_4,4,34,l2,abs,0.168896,16,16,1.000000
twolocalrandom_indep_qiskit_4,4,34,l2,hyb0,0.165800,16,16,1.000000
twolocalrandom_indep_qiskit_4,4,34,l2,hyb16,0.168675,16,16,1.000000
twolocalrandom_indep_qiskit_5,5,50,max,abs,0.234271,32,32,1.000000
twolocalrandom_indep_qiskit_5,5,50,max,hyb0,0.246276,32,32,1.000000
twolocalrandom_indep_qiskit_5,5,50,max,hyb16,0.237237,32,32,1.000000
twolocalrandom_indep_qiskit_5,5,50,l2,abs,0.238801,32,32,1.000000
twolocalrandom_indep_qiskit_5,5,50,l2,hyb0,0.249336,32,32,1.000000
twolocalrandom_indep_qiskit_5,5,50,l2,hyb16,0.242712,32,32,1.000000
twolocalrandom_indep_qiskit_6,6,69,max,abs,0.340941,64,64,1.000000
twolocalrandom_indep_qiskit_6,6,69,max,hyb0,0.338617,64,64,1.000000
twolocalrandom_indep_qiskit_6,6,69,max,hyb16,0.337609,64,64,1.000000
twolocalrandom_indep_qiskit_6,6,69,l2,abs,0.336289,64,64,1.000000
twolocalrandom_indep_qiskit_6,6,69,l2,hyb0,0.338759,64,64,1.000000
twolocalrandom_indep_qiskit_6,6,69,l2,hyb16,0.333708,64,64,1.000000
twolocalrandom_indep_qiskit_7,7,91,max,abs,0.445896,128,128,1.000000
twolocalrandom_indep_qiskit_7,7,91,max,hyb0,0.446026,128,128,1.000000
twolocalrandom_indep_qiskit_7,7,91,max,hyb16,0.442810,128,128,1.000000
twolocalrandom_indep_qiskit_7,7,91,l2,abs,0.441072,128,128,1.000000
twolocalrandom_indep_qiskit_7,7,91,l2,hyb0,0.453654,128,128,1.000000
twolocalrandom_indep_qiskit_7,7,91,l2,hyb16,0.448692,128,128,1.000000
twolocalrandom_indep_qiskit_8,8,116,max,abs,0.583358,256,256,1.000000
twolocalrandom_indep_qiskit_8,8,116,max,hyb0,0.582370,256,256,1.000000
twolocalrandom_indep_qiskit_8,8,116,max,hyb16,0.587934,256,256,1.000000
twolocalrandom_indep_qiskit_8,8,116,l2,abs,0.595863,256,256,1.000000
twolocalrandom_indep_qiskit_8,8,116,l2,hyb0,0.589050,256,256,1.000000
twolocalrandom_indep_qiskit_8,8,116,l2,hyb16,0.592798,256,256,1.000000
twolocalrandom_indep_qiskit_9,9,144,max,abs,0.753124,512,512,1.000000
twolocalrandom_indep_qiskit_9,9,144,max,hyb0,0.762138,512,512,1.000000
twolocalrandom_indep_qiskit_9,9,144,max,hyb16,0.764854,512,512,1.000000
twolocalrandom_indep_qiskit_9,9,144,l2,abs,0.759832,512,512,1.000000
twolocalrandom_indep_qiskit_9,9,144,l2,hyb0,0.791437,512,512,1.000000
twolocalrandom_indep_qiskit_9,9,144,l2,hyb16,0.777921,512,512,1.000000
vqe_indep_qiskit_10,10,48,max,abs,0.291237,1024,1024,1.000000
vqe_indep_qiskit_10,10,48,max,hyb0,0.296736,1024,1024,1.000000
vqe_indep_qiskit_10,10,48,max,hyb16,0.292392,1024,1024,1.000000
vqe_indep_qiskit_10,10,48,l2,abs,0.308372,1024,1024,1.000000
vqe_indep_qiskit_10,10,48,l2,hyb0,0.317752,1024,1024,1.000000
vqe_indep_qiskit_10,10,48,l2,hyb16,0.311457,1024,1024,1.000000
vqe_indep_qiskit_3,3,13,max,abs,0.070574,8,8,1.000000
vqe_indep_qiskit_3,3,13,max,hyb0,0.069503,8,8,1.000000
vqe_indep_qiskit_3,3,13,max,hyb16,0.072409,8,8,1.000000
vqe_indep_qiskit_3,3,13,l2,abs,0.073861,8,8,1.000000
vqe_indep_qiskit_3,3,13,l2,hyb0,0.069758,8,8,1.000000
vqe_indep_qiskit_3,3,13,l2,hyb16,0.069663,8,8,1.000000
vqe_indep_qiskit_4,4,18,max,abs,0.092270,16,16,1.000000
vqe_indep_qiskit_4,4,18,max,hyb0,0.091512,16,16,1.000000
vqe_indep_qiskit_4,4,18,max,hyb16,0.092124,16,16,1.000000
vqe_indep_qiskit_4,4,18,l2,abs,0.093460,16,16,1.000000
vqe_indep_qiskit_4,4,18,l2,hyb0,0.099093,16,16,1.000000
vqe_indep_qiskit_4,4,18,l2,hyb16,0.093219,16,16,1.000000
vqe_indep_qiskit_5,5,23,max,abs,0.120585,32,32,1.000000
vqe_indep_qiskit_5,5,23,max,hyb0,0.115656,32,32,1.000000
vqe_indep_qiskit_5,5,23,max,hyb16,0.115532,32,32,1.000000
vqe_indep_qiskit_5,5,23,l2,abs,0.115419,32,32,1.000000
vqe_indep_qiskit_5,5,23,l2,hyb0,0.118998,32,32,1.000000
vqe_indep_qiskit_5,5,23,l2,hyb16,0.122588,32,32,1.000000
vqe_indep_qiskit_6,6,28,max,abs,0.141485,64,64,1.000000
vqe_indep_qiskit_6,6,28,max,hyb0,0.144184,64,64,1.000000
vqe_indep_qiskit_6,6,28,max,hyb16,0.148367,64,64,1.000000
vqe_indep_qiskit_6,6,28,l2,abs,0.142526,64,64,1.000000
vqe_indep_qiskit_6,6,28,l2,hyb0,0.144046,64,64,1.000000
vqe_indep_qiskit_6,6,28,l2,hyb16,0.141997,64,64,1.000000
vqe_indep_qiskit_7,7,33,max,abs,0.217594,128,128,1.000000
vqe_indep_qiskit_7,7,33,max,hyb0,0.171881,128,128,1.000000
vqe_indep_qiskit_7,7,33,max,hyb16,0.173857,128,128,1.000000
vqe_indep_qiskit_7,7,33,l2,abs,0.178730,128,128,1.000000
vqe_indep_qiskit_7,7,33,l2,hyb0,0.185073,128,128,1.000000
vqe_indep_qiskit_7,7,33,l2,hyb16,0.174301,128,128,1.000000
vqe_indep_qiskit_8,8,38,max,abs,0.201944,256,254,1.000000
vqe_indep_qiskit_8,8,38,max,hyb0,0.203969,256,255,1.000000
vqe_indep_qiskit_8,8,38,max,hyb16,0.191040,256,255,1.000000
vqe_indep_qiskit_8,8,38,l2,abs,0.195747,256,248,1.000000
vqe_indep_qiskit_8,8,38,l2,hyb0,0.196818,256,252,1.000000
vqe_indep_qiskit_8,8,38,l2,hyb16,0.193375,256,250,1.000000
vqe_indep_qiskit_9,9,43,max,abs,0.219463,512,512,1.000000
vqe_indep_qiskit_9,9,43,max,hyb0,0.223211,512,512,1.000000
vqe_indep_qiskit_9,9,43,max,hyb16,0.226509,512,512,1.000000
vqe_indep_qiskit_9,9,43,l2,abs,0.222584,512,512,1.000000
vqe_indep_qiskit_9,9,43,l2,hyb0,0.228791,512,512,1.000000
vqe_indep_qiskit_9,9,43,l2,hyb16,0.225875,512,512,1.000000
wstate_indep_qiskit_10,10,37,max,abs,0.181126,20,20,1.000000
wstate_indep_qiskit_10,10,37,max,hyb0,0.181841,20,20,1.000000
wstate_indep_qiskit_10,10,37,max,hyb16,0.189448,20,20,1.000000
wstate_indep_qiskit_10,10,37,l2,abs,0.186454,20,20,1.000000
wstate_indep_qiskit_10,10,37,l2,hyb0,0.183964,20,20,1.000000
wstate_indep_qiskit_10,10,37,l2,hyb16,0.179003,20,20,1.000000
wstate_indep_qiskit_2,2,5,max,abs,0.031993,4,4,1.000000
wstate_indep_qiskit_2,2,5,max,hyb0,0.034471,4,4,1.000000
wstate_indep_qiskit_2,2,5,max,hyb16,0.032871,4,4,1.000000
wstate_indep_qiskit_2,2,5,l2,abs,0.032414,4,4,1.000000
wstate_indep_qiskit_2,2,5,l2,hyb0,0.034304,4,4,1.000000
wstate_indep_qiskit_2,2,5,l2,hyb16,0.032338,4,4,1.000000
wstate_indep_qiskit_3,3,9,max,abs,0.052042,6,6,1.000000
wstate_indep_qiskit_3,3,9,max,hyb0,0.050645,6,6,1.000000
wstate_indep_qiskit_3,3,9,max,hyb16,0.056238,6,6,1.000000
wstate_indep_qiskit_3,3,9,l2,abs,0.050703,6,6,1.000000
wstate_indep_qiskit_3,3,9,l2,hyb0,0.050917,6,6,1.000000
wstate_indep_qiskit_3,3,9,l2,hyb16,0.051555,6,6,1.000000
wstate_indep_qiskit_4,4,13,max,abs,0.067801,8,8,1.000000
wstate_indep_qiskit_4,4,13,max,hyb0,0.067548,8,8,1.000000
wstate_indep_qiskit_4,4,13,max,hyb16,0.075381,8,8,1.000000
wstate_indep_qiskit_4,4,13,l2,abs,0.072088,8,8,1.000000
wstate_indep_qiskit_4,4,13,l2,hyb0,0.072673,8,8,1.000000
wstate_indep_qiskit_4,4,13,l2,hyb16,0.071077,8,8,1.000000
wstate_indep_qiskit_5,5,17,max,abs,0.091580,10,10,1.000000
wstate_indep_qiskit_5,5,17,max,hyb0,0.091859,10,10,1.000000
wstate_indep_qiskit_5,5,17,max,hyb16,0.087440,10,10,1.000000
wstate_indep_qiskit_5,5,17,l2,abs,0.087125,10,10,1.000000
wstate_indep_qiskit_5,5,17,l2,hyb0,0.088818,10,10,1.000000
wstate_indep_qiskit_5,5,17,l2,hyb16,0.089920,10,10,1.000000
wstate_indep_qiskit_6,6,21,max,abs,0.105168,12,12,1.000000
wstate_indep_qiskit_6,6,21,max,hyb0,0.104462,12,12,1.000000
wstate_indep_qiskit_6,6,21,max,hyb16,0.107358,12,12,1.000000
wstate_indep_qiskit_6,6,21,l2,abs,0.113054,12,12,1.000000
wstate_indep_qiskit_6,6,21,l2,hyb0,0.112406,12,12,1.000000
wstate_indep_qiskit_6,6,21,l2,hyb16,0.110066,12,12,1.000000
wstate_indep_qiskit_7,7,25,max,abs,0.131442,14,14,1.000000
wstate_indep_qiskit_7,7,25,max,hyb0,0.131915,14,14,1.000000
wstate_indep_qiskit_7,7,25,max,hyb16,0.130803,14,14,1.000000
wstate_indep_qiskit_7,7,25,l2,abs,0.123497,14,14,1.000000
wstate_indep_qiskit_7,7,25,l2,hyb0,0.125809,14,14,1.000000
wstate_indep_qiskit_7,7,25,l2,hyb16,0.127467,14,14,1.000000
wstate_indep_qiskit_8,8,29,max,abs,0.143539,16,16,1.000000
wstate_indep_qiskit_8,8,29,max,hyb0,0.149645,16,16,1.000000
wstate_indep_qiskit_8,8,29,max,hyb16,0.143773,16,16,1.000000
wstate_indep_qiskit_8,8,29,l2,abs,0.148607,16,16,1.000000
wstate_indep_qiskit_8,8,29,l2,hyb0,0.144747,16,16,1.000000
wstate_indep_qiskit_8,8,29,l2,hyb16,0.143009,16,16,1.000000
wstate_indep_qiskit_9,9,33,max,abs,0.162461,18,18,1.000000
wstate_indep_qiskit_9,9,33,max,hyb0,0.158911,18,18,1.000000
wstate_indep_qiskit_9,9,33,max,hyb16,0.160213,18,18,1.000000
wstate_indep_qiskit_9,9,33,l2,abs,0.166020,18,18,1.000000
wstate_indep_qiskit_9,9,33,l2,hyb0,0.159769,18,18,1.000000
wstate_indep_qiskit_9,9,33,l2,hyb16,0.159641,18,18,1.000000
DONE
