n,layers,strat,rule,tol,zero,norm,amp0,err,nodes
20,2,1,absolute,1.000e-14,0.000e+00,1,1,0.000e+00,21
20,2,1,hybrid,1.000e-14,0.000e+00,1,1,0.000e+00,21
40,2,1,absolute,1.000e-14,0.000e+00,0.99999999999998734,0.99999999999999367,6.328e-15,41
40,2,1,hybrid,1.000e-14,0.000e+00,0.99999999999998734,0.99999999999999367,6.328e-15,41
60,2,1,absolute,1.000e-14,0.000e+00,0.99999999999998113,0.99999999999999056,9.437e-15,61
60,2,1,hybrid,1.000e-14,0.000e+00,0.99999999999998113,0.99999999999999056,9.437e-15,61
80,2,1,absolute,1.000e-14,0.000e+00,0.99999999999997491,0.99999999999998745,1.255e-14,81
80,2,1,hybrid,1.000e-14,0.000e+00,0.99999999999997491,0.99999999999998745,1.255e-14,81
88,2,1,absolute,1.000e-14,0.000e+00,0.99999999999997224,0.99999999999998612,1.388e-14,89
88,2,1,hybrid,1.000e-14,0.000e+00,0.99999999999997224,0.99999999999998612,1.388e-14,89
92,2,1,absolute,1.000e-14,0.000e+00,0.99999999999997113,0.99999999999998557,1.443e-14,93
92,2,1,hybrid,1.000e-14,0.000e+00,0.99999999999997113,0.99999999999998557,1.443e-14,93
94,2,1,absolute,1.000e-14,0.000e+00,3.9999999999998828,1.9999999999999707,1.000e+00,95
94,2,1,hybrid,1.000e-14,0.000e+00,0.99999999999997047,0.99999999999998523,1.477e-14,95
96,2,1,absolute,1.000e-14,0.000e+00,15.999999999999527,3.9999999999999409,3.000e+00,97
96,2,1,hybrid,1.000e-14,0.000e+00,0.9999999999999698,0.9999999999999849,1.510e-14,97
100,2,1,absolute,1.000e-14,0.000e+00,255.99999999999227,15.999999999999758,1.500e+01,101
100,2,1,hybrid,1.000e-14,0.000e+00,0.99999999999996847,0.99999999999998423,1.577e-14,101
110,2,1,absolute,1.000e-14,0.000e+00,262143.99999999168,511.99999999999187,5.110e+02,111
110,2,1,hybrid,1.000e-14,0.000e+00,0.99999999999996536,0.99999999999998268,1.732e-14,111
120,2,1,absolute,1.000e-14,0.000e+00,268435455.99999106,16383.999999999727,1.638e+04,121
120,2,1,hybrid,1.000e-14,0.000e+00,0.99999999999996225,0.99999999999998113,1.887e-14,121
140,2,1,absolute,1.000e-14,0.000e+00,281474976710645.75,16777215.999999695,1.678e+07,141
140,2,1,hybrid,1.000e-14,0.000e+00,0.99999999999995604,0.99999999999997802,2.198e-14,141
160,2,1,absolute,1.000e-14,0.000e+00,2.9514790517934116e+20,17179869183.99966,1.718e+10,161
160,2,1,hybrid,1.000e-14,0.000e+00,0.99999999999994982,0.99999999999997491,2.509e-14,161
